survey_name,survey,year,area_id,species_code,n_haul,n_weight,n_count,n_length,cpue_kgkm2_mean,cpue_kgkm2_var,cpue_nokm2_mean,cpue_nokm2_var,biomass,biomass_var,population_count,population_var,common_name,species_name,area_type,survey_code,depth_min_m,depth_max_m,area_name,area_description,area_km2,design_year,region,regulatory_area,inpfc_by_depth,inpfc,depth,nmfs_statistical_area,regulatory_area_by_depth,subarea,akfin_load_date,code_name,stock,cv,se,bio_ll,bio_ul
Northern Bering Sea Crab/Groundfish Survey - Eastern Bering Sea Shelf Survey Extension,143,2010,99902,474,141,3,3,0,0.043753,8.66e-4,0.64898,0.154572,8.700976,34.235336,129061,6113013176.70815,Alaska skate egg case,Arctoraja parmifera egg case,REGION,NBS,1,100,All,NBS Region: All Strata,0,2022,0,0,0,0,0,0,0,0,2026-09-10T08:00:00Z,474 - Alaska skate egg case,0,0.6724644443523669,5.85109699116328,-2.7671741026800287,20.169126102680032
Northern Bering Sea Crab/Groundfish Survey - Eastern Bering Sea Shelf Survey Extension,143,2017,99902,474,143,7,7,0,0.195456,0.007211,1.311028,0.256377,38.869649,285.183251,260720,10139194308.9879,Alaska skate egg case,Arctoraja parmifera egg case,REGION,NBS,1,100,All,NBS Region: All Strata,0,2022,0,0,0,0,0,0,0,0,2026-09-10T08:00:00Z,474 - Alaska skate egg case,0,0.43446159161830084,16.887369570184696,5.770404642438002,71.968893357562
Northern Bering Sea Crab/Groundfish Survey - Eastern Bering Sea Shelf Survey Extension,143,2019,99902,474,144,9,8,0,0.153794,0.003947,2.935132,1.456389,30.584524,156.085303,583700,57597269923.7795,Alaska skate egg case,Arctoraja parmifera egg case,REGION,NBS,1,100,All,NBS Region: All Strata,0,2022,0,0,0,0,0,0,0,0,2026-09-10T08:00:00Z,474 - Alaska skate egg case,0,0.4084879785305128,12.493410383077952,6.097439649167214,55.07160835083278
Northern Bering Sea Crab/Groundfish Survey - Eastern Bering Sea Shelf Survey Extension,143,2021,99902,474,144,15,14,0,0.310587,0.013045,3.094192,0.779703,61.765531,515.913551,615332,30835684093.4242,Alaska skate egg case,Arctoraja parmifera egg case,REGION,NBS,1,100,All,NBS Region: All Strata,0,2022,0,0,0,0,0,0,0,0,2026-09-10T08:00:00Z,474 - Alaska skate egg case,0,0.36774119939137134,22.71373045098493,17.24661931606954,106.28444268393046
Northern Bering Sea Crab/Groundfish Survey - Eastern Bering Sea Shelf Survey Extension,143,2022,99902,474,144,15,13,0,0.32303,0.009633,2.573491,0.527647,64.24004,380.963276,511782,20867372548.9201,Alaska skate egg case,Arctoraja parmifera egg case,REGION,NBS,1,100,All,NBS Region: All Strata,0,2022,0,0,0,0,0,0,0,0,2026-09-10T08:00:00Z,474 - Alaska skate egg case,0,0.3038335679665908,19.51828055951651,25.984210103347635,102.49586989665235
Northern Bering Sea Crab/Groundfish Survey - Eastern Bering Sea Shelf Survey Extension,143,2023,99902,474,116,13,11,0,0.199288,0.005729,2.809832,0.75807,39.631686,226.580127,558782,29980162192.3447,Alaska skate egg case,Arctoraja parmifera egg case,REGION,NBS,1,100,All,NBS Region: All Strata,0,2022,0,0,0,0,0,0,0,0,2026-09-10T08:00:00Z,474 - Alaska skate egg case,0,0.3798117180573944,15.052578749171186,10.128631651624477,69.13474034837553
Northern Bering Sea Crab/Groundfish Survey - Eastern Bering Sea Shelf Survey Extension,143,2010,99902,436,141,0,0,0,0,0,0,0,0,0,0,0,Bering skate egg case,Bathyraja interrupta egg case,REGION,NBS,1,100,All,NBS Region: All Strata,0,2022,0,0,0,0,0,0,0,0,2026-09-10T08:00:00Z,436 - Bering skate egg case,0,0,0,0,0
Northern Bering Sea Crab/Groundfish Survey - Eastern Bering Sea Shelf Survey Extension,143,2017,99902,436,143,0,0,0,0,0,0,0,0,0,0,0,Bering skate egg case,Bathyraja interrupta egg case,REGION,NBS,1,100,All,NBS Region: All Strata,0,2022,0,0,0,0,0,0,0,0,2026-09-10T08:00:00Z,436 - Bering skate egg case,0,0,0,0,0
Northern Bering Sea Crab/Groundfish Survey - Eastern Bering Sea Shelf Survey Extension,143,2019,99902,436,144,0,0,0,0,0,0,0,0,0,0,0,Bering skate egg case,Bathyraja interrupta egg case,REGION,NBS,1,100,All,NBS Region: All Strata,0,2022,0,0,0,0,0,0,0,0,2026-09-10T08:00:00Z,436 - Bering skate egg case,0,0,0,0,0
Northern Bering Sea Crab/Groundfish Survey - Eastern Bering Sea Shelf Survey Extension,143,2021,99902,436,144,0,0,0,0,0,0,0,0,0,0,0,Bering skate egg case,Bathyraja interrupta egg case,REGION,NBS,1,100,All,NBS Region: All Strata,0,2022,0,0,0,0,0,0,0,0,2026-09-10T08:00:00Z,436 - Bering skate egg case,0,0,0,0,0
Northern Bering Sea Crab/Groundfish Survey - Eastern Bering Sea Shelf Survey Extension,143,2022,99902,436,144,1,1,0,0.00226,5e-6,0.282553,0.079836,0.449523,0.202071,56190,3157358977.93799,Bering skate egg case,Bathyraja interrupta egg case,REGION,NBS,1,100,All,NBS Region: All Strata,0,2022,0,0,0,0,0,0,0,0,2026-09-10T08:00:00Z,436 - Bering skate egg case,0,1.000000179320683,0.4495230806087714,-0.4315422379931919,1.330588237993192
Northern Bering Sea Crab/Groundfish Survey - Eastern Bering Sea Shelf Survey Extension,143,2023,99902,436,116,0,0,0,0,0,0,0,0,0,0,0,Bering skate egg case,Bathyraja interrupta egg case,REGION,NBS,1,100,All,NBS Region: All Strata,0,2022,0,0,0,0,0,0,0,0,2026-09-10T08:00:00Z,436 - Bering skate egg case,0,0,0,0,0
Northern Bering Sea Crab/Groundfish Survey - Eastern Bering Sea Shelf Survey Extension,143,2010,99902,473,141,0,0,0,0,0,0,0,0,0,0,0,Aleutian skate egg case,Bathyraja aleutica egg case,REGION,NBS,1,100,All,NBS Region: All Strata,0,2022,0,0,0,0,0,0,0,0,2026-09-10T08:00:00Z,473 - Aleutian skate egg case,0,0,0,0,0
Northern Bering Sea Crab/Groundfish Survey - Eastern Bering Sea Shelf Survey Extension,143,2017,99902,473,143,0,0,0,0,0,0,0,0,0,0,0,Aleutian skate egg case,Bathyraja aleutica egg case,REGION,NBS,1,100,All,NBS Region: All Strata,0,2022,0,0,0,0,0,0,0,0,2026-09-10T08:00:00Z,473 - Aleutian skate egg case,0,0,0,0,0
Northern Bering Sea Crab/Groundfish Survey - Eastern Bering Sea Shelf Survey Extension,143,2019,99902,473,144,0,0,0,0,0,0,0,0,0,0,0,Aleutian skate egg case,Bathyraja aleutica egg case,REGION,NBS,1,100,All,NBS Region: All Strata,0,2022,0,0,0,0,0,0,0,0,2026-09-10T08:00:00Z,473 - Aleutian skate egg case,0,0,0,0,0
Northern Bering Sea Crab/Groundfish Survey - Eastern Bering Sea Shelf Survey Extension,143,2021,99902,473,144,0,0,0,0,0,0,0,0,0,0,0,Aleutian skate egg case,Bathyraja aleutica egg case,REGION,NBS,1,100,All,NBS Region: All Strata,0,2022,0,0,0,0,0,0,0,0,2026-09-10T08:00:00Z,473 - Aleutian skate egg case,0,0,0,0,0
Northern Bering Sea Crab/Groundfish Survey - Eastern Bering Sea Shelf Survey Extension,143,2022,99902,473,144,1,1,0,0.007665,5.9e-5,0.13687,0.018733,1.524258,2.323363,27219,740868282.014999,Aleutian skate egg case,Bathyraja aleutica egg case,REGION,NBS,1,100,All,NBS Region: All Strata,0,2022,0,0,0,0,0,0,0,0,2026-09-10T08:00:00Z,473 - Aleutian skate egg case,0,1.0000001182415528,1.5242581802306328,-1.4632880332520404,4.51180403325204
Northern Bering Sea Crab/Groundfish Survey - Eastern Bering Sea Shelf Survey Extension,143,2023,99902,473,116,0,0,0,0,0,0,0,0,0,0,0,Aleutian skate egg case,Bathyraja aleutica egg case,REGION,NBS,1,100,All,NBS Region: All Strata,0,2022,0,0,0,0,0,0,0,0,2026-09-10T08:00:00Z,473 - Aleutian skate egg case,0,0,0,0,0
Northern Bering Sea Crab/Groundfish Survey - Eastern Bering Sea Shelf Survey Extension,143,2010,99902,401,141,2,2,0,0.02873,4.33e-4,0.486711,0.13299,5.713441,17.111559,96791,5259471229.71205,skate egg case unid.,Rajiformes egg case,REGION,NBS,1,100,All,NBS Region: All Strata,0,2022,0,0,0,0,0,0,0,0,2026-09-10T08:00:00Z,401 - skate egg case unid.,0,0.7240141308040964,4.136612019515487,-2.3943185582503554,13.821200558250357
Northern Bering Sea Crab/Groundfish Survey - Eastern Bering Sea Shelf Survey Extension,143,2017,99902,401,143,4,4,0,0.086391,0.003301,1.073986,0.425457,17.180296,130.533063,213580,16825965402.6805,skate egg case unid.,Rajiformes egg case,REGION,NBS,1,100,All,NBS Region: All Strata,0,2022,0,0,0,0,0,0,0,0,2026-09-10T08:00:00Z,401 - skate egg case unid.,0,0.6650122148852529,11.42510669534425,-5.212913122874731,39.57350512287473
Northern Bering Sea Crab/Groundfish Survey - Eastern Bering Sea Shelf Survey Extension,143,2019,99902,401,144,0,0,0,0,0,0,0,0,0,0,0,skate egg case unid.,Rajiformes egg case,REGION,NBS,1,100,All,NBS Region: All Strata,0,2022,0,0,0,0,0,0,0,0,2026-09-10T08:00:00Z,401 - skate egg case unid.,0,0,0,0,0
Northern Bering Sea Crab/Groundfish Survey - Eastern Bering Sea Shelf Survey Extension,143,2021,99902,401,144,0,0,0,0,0,0,0,0,0,0,0,skate egg case unid.,Rajiformes egg case,REGION,NBS,1,100,All,NBS Region: All Strata,0,2022,0,0,0,0,0,0,0,0,2026-09-10T08:00:00Z,401 - skate egg case unid.,0,0,0,0,0
Northern Bering Sea Crab/Groundfish Survey - Eastern Bering Sea Shelf Survey Extension,143,2022,99902,401,144,0,0,0,0,0,0,0,0,0,0,0,skate egg case unid.,Rajiformes egg case,REGION,NBS,1,100,All,NBS Region: All Strata,0,2022,0,0,0,0,0,0,0,0,2026-09-10T08:00:00Z,401 - skate egg case unid.,0,0,0,0,0
Northern Bering Sea Crab/Groundfish Survey - Eastern Bering Sea Shelf Survey Extension,143,2023,99902,401,116,0,0,0,0,0,0,0,0,0,0,0,skate egg case unid.,Rajiformes egg case,REGION,NBS,1,100,All,NBS Region: All Strata,0,2022,0,0,0,0,0,0,0,0,2026-09-10T08:00:00Z,401 - skate egg case unid.,0,0,0,0,0
Northern Bering Sea Crab/Groundfish Survey - Eastern Bering Sea Shelf Survey Extension,143,2025,99902,474,137,5,5,0,0.066572,0.001384,0.841415,0.14057,12.594774,49.550129,159188,5031476579.81876,Alaska skate egg case,Arctoraja parmifera egg case,REGION,NBS,1,100,All,NBS Region: All Strata,0,2025,0,0,0,0,0,0,0,0,2026-09-10T08:00:00Z,474 - Alaska skate egg case,0,0.5588973054339407,7.039185251149454,-1.2020290922529302,26.39157709225293
Northern Bering Sea Crab/Groundfish Survey - Eastern Bering Sea Shelf Survey Extension,143,2025,99902,436,137,0,0,0,0,0,0,0,0,0,0,0,Bering skate egg case,Bathyraja interrupta egg case,REGION,NBS,1,100,All,NBS Region: All Strata,0,2025,0,0,0,0,0,0,0,0,2026-09-10T08:00:00Z,436 - Bering skate egg case,0,0,0,0,0
Northern Bering Sea Crab/Groundfish Survey - Eastern Bering Sea Shelf Survey Extension,143,2025,99902,473,137,0,0,0,0,0,0,0,0,0,0,0,Aleutian skate egg case,Bathyraja aleutica egg case,REGION,NBS,1,100,All,NBS Region: All Strata,0,2025,0,0,0,0,0,0,0,0,2026-09-10T08:00:00Z,473 - Aleutian skate egg case,0,0,0,0,0
Northern Bering Sea Crab/Groundfish Survey - Eastern Bering Sea Shelf Survey Extension,143,2025,99902,401,137,0,0,0,0,0,0,0,0,0,0,0,skate egg case unid.,Rajiformes egg case,REGION,NBS,1,100,All,NBS Region: All Strata,0,2025,0,0,0,0,0,0,0,0,2026-09-10T08:00:00Z,401 - skate egg case unid.,0,0,0,0,0
Aleutian Islands Bottom Trawl Survey,52,2000,99904,474,419,0,0,0,0,0,0,0,0,0,0,0,Alaska skate egg case,Arctoraja parmifera egg case,REGION,AI,0,0,All,AI Region: All Strata,0,1991,0,0,0,0,0,0,0,0,2026-09-10T08:00:00Z,474 - Alaska skate egg case,0,0,0,0,0
Aleutian Islands Bottom Trawl Survey,52,2002,99904,474,414,0,0,0,0,0,0,0,0,0,0,0,Alaska skate egg case,Arctoraja parmifera egg case,REGION,AI,0,0,All,AI Region: All Strata,0,1991,0,0,0,0,0,0,0,0,2026-09-10T08:00:00Z,474 - Alaska skate egg case,0,0,0,0,0
Aleutian Islands Bottom Trawl Survey,52,2004,99904,474,419,0,0,0,0,0,0,0,0,0,0,0,Alaska skate egg case,Arctoraja parmifera egg case,REGION,AI,0,0,All,AI Region: All Strata,0,1991,0,0,0,0,0,0,0,0,2026-09-10T08:00:00Z,474 - Alaska skate egg case,0,0,0,0,0
Aleutian Islands Bottom Trawl Survey,52,2006,99904,474,357,3,2,0,0.00251,4e-6,0.131055,0.009257,0.161679,0.01845,8442,38411492.51554,Alaska skate egg case,Arctoraja parmifera egg case,REGION,AI,0,0,All,AI Region: All Strata,0,1991,0,0,0,0,0,0,0,0,2026-09-10T08:00:00Z,474 - Alaska skate egg case,0,0.8401262815335403,0.13583077707206126,-0.10454932306124007,0.42790732306124
Aleutian Islands Bottom Trawl Survey,52,2010,99904,474,418,1,1,0,0.001159,1e-6,0.082814,0.006858,0.074683,0.005578,5334,28456802.573232,Alaska skate egg case,Arctoraja parmifera egg case,REGION,AI,0,0,All,AI Region: All Strata,0,1991,0,0,0,0,0,0,0,0,2026-09-10T08:00:00Z,474 - Alaska skate egg case,0,1.0000402956409271,0.07468600939935136,-0.07170157842272865,0.22106757842272864
Aleutian Islands Bottom Trawl Survey,52,2012,99904,474,420,0,0,0,0,0,0,0,0,0,0,0,Alaska skate egg case,Arctoraja parmifera egg case,REGION,AI,0,0,All,AI Region: All Strata,0,1991,0,0,0,0,0,0,0,0,2026-09-10T08:00:00Z,474 - Alaska skate egg case,0,0,0,0,0
Aleutian Islands Bottom Trawl Survey,52,2014,99904,474,410,3,3,0,0.012168,5.2e-5,0.608294,0.163968,0.78379,0.213858,39183,680349597.786096,Alaska skate egg case,Arctoraja parmifera egg case,REGION,AI,0,0,All,AI Region: All Strata,0,1991,0,0,0,0,0,0,0,0,2026-09-10T08:00:00Z,474 - Alaska skate egg case,0,0.5900149719899489,0.46244783489600205,-0.12260775639616406,1.690187756396164
Aleutian Islands Bottom Trawl Survey,52,2016,99904,474,419,4,4,0,0.050838,0.001404,0.389059,0.05361,3.274721,5.827437,25061,222442570.830628,Alaska skate egg case,Arctoraja parmifera egg case,REGION,AI,0,0,All,AI Region: All Strata,0,1991,0,0,0,0,0,0,0,0,2026-09-10T08:00:00Z,474 - Alaska skate egg case,0,0.7371646293269897,2.414008492114309,-1.4567356445440454,8.006177644544046
Aleutian Islands Bottom Trawl Survey,52,2018,99904,474,420,0,0,0,0,0,0,0,0,0,0,0,Alaska skate egg case,Arctoraja parmifera egg case,REGION,AI,0,0,All,AI Region: All Strata,0,1991,0,0,0,0,0,0,0,0,2026-09-10T08:00:00Z,474 - Alaska skate egg case,0,0,0,0,0
Aleutian Islands Bottom Trawl Survey,52,2022,99904,474,398,4,4,0,0.00456,8e-6,0.251095,0.02041,0.293723,0.034895,16174,84685624.133661,Alaska skate egg case,Arctoraja parmifera egg case,REGION,AI,0,0,All,AI Region: All Strata,0,1991,0,0,0,0,0,0,0,0,2026-09-10T08:00:00Z,474 - Alaska skate egg case,0,0.6359802747832669,0.1868020342501655,-0.0724089871303244,0.6598549871303244
Aleutian Islands Bottom Trawl Survey,52,2024,99904,474,307,1,1,0,0.001233,2e-6,0.094821,0.008991,0.079403,0.006305,6108,37306290.756155,Alaska skate egg case,Arctoraja parmifera egg case,REGION,AI,0,0,All,AI Region: All Strata,0,1991,0,0,0,0,0,0,0,0,2026-09-10T08:00:00Z,474 - Alaska skate egg case,0,1.0000129733690322,0.07940403012442127,-0.07622889904386568,0.23503489904386568
Aleutian Islands Bottom Trawl Survey,52,2026,99904,474,372,14,13,0,0.044682,6.11e-4,1.994157,0.909107,2.878208,2.535792,128454,3772151727.08757,Alaska skate egg case,Arctoraja parmifera egg case,REGION,AI,0,0,All,AI Region: All Strata,0,1991,0,0,0,0,0,0,0,0,2026-09-10T08:00:00Z,474 - Alaska skate egg case,0,0.5532668350604567,1.5924170308056869,-0.24292938037914613,5.999345380379146
Aleutian Islands Bottom Trawl Survey,52,1991,99904,484,331,0,0,0,0,0,0,0,0,0,0,0,butterfly skate egg case,Bathyraja mariposa egg case,REGION,AI,0,0,All,AI Region: All Strata,0,1991,0,0,0,0,0,0,0,0,2026-09-10T08:00:00Z,484 - butterfly skate egg case,0,0,0,0,0
Aleutian Islands Bottom Trawl Survey,52,1994,99904,484,380,0,0,0,0,0,0,0,0,0,0,0,butterfly skate egg case,Bathyraja mariposa egg case,REGION,AI,0,0,All,AI Region: All Strata,0,1991,0,0,0,0,0,0,0,0,2026-09-10T08:00:00Z,484 - butterfly skate egg case,0,0,0,0,0
Aleutian Islands Bottom Trawl Survey,52,1997,99904,484,396,0,0,0,0,0,0,0,0,0,0,0,butterfly skate egg case,Bathyraja mariposa egg case,REGION,AI,0,0,All,AI Region: All Strata,0,1991,0,0,0,0,0,0,0,0,2026-09-10T08:00:00Z,484 - butterfly skate egg case,0,0,0,0,0
Aleutian Islands Bottom Trawl Survey,52,2000,99904,484,419,0,0,0,0,0,0,0,0,0,0,0,butterfly skate egg case,Bathyraja mariposa egg case,REGION,AI,0,0,All,AI Region: All Strata,0,1991,0,0,0,0,0,0,0,0,2026-09-10T08:00:00Z,484 - butterfly skate egg case,0,0,0,0,0
Aleutian Islands Bottom Trawl Survey,52,2002,99904,484,414,0,0,0,0,0,0,0,0,0,0,0,butterfly skate egg case,Bathyraja mariposa egg case,REGION,AI,0,0,All,AI Region: All Strata,0,1991,0,0,0,0,0,0,0,0,2026-09-10T08:00:00Z,484 - butterfly skate egg case,0,0,0,0,0
Aleutian Islands Bottom Trawl Survey,52,2004,99904,484,419,0,0,0,0,0,0,0,0,0,0,0,butterfly skate egg case,Bathyraja mariposa egg case,REGION,AI,0,0,All,AI Region: All Strata,0,1991,0,0,0,0,0,0,0,0,2026-09-10T08:00:00Z,484 - butterfly skate egg case,0,0,0,0,0
Aleutian Islands Bottom Trawl Survey,52,2006,99904,484,357,0,0,0,0,0,0,0,0,0,0,0,butterfly skate egg case,Bathyraja mariposa egg case,REGION,AI,0,0,All,AI Region: All Strata,0,1991,0,0,0,0,0,0,0,0,2026-09-10T08:00:00Z,484 - butterfly skate egg case,0,0,0,0,0
Aleutian Islands Bottom Trawl Survey,52,2010,99904,484,418,2,2,0,0.008733,3.9e-5,0.542029,0.169117,0.562505,0.161214,34915,701717670.057432,butterfly skate egg case,Bathyraja mariposa egg case,REGION,AI,0,0,All,AI Region: All Strata,0,1991,0,0,0,0,0,0,0,0,2026-09-10T08:00:00Z,484 - butterfly skate egg case,0,0.7137974459978377,0.4015146323610137,-0.22446367942758683,1.3494736794275868
Aleutian Islands Bottom Trawl Survey,52,2012,99904,484,420,13,13,0,0.019548,4.7e-5,1.735723,0.513153,1.259161,0.194365,111807,2129220057.76147,butterfly skate egg case,Bathyraja mariposa egg case,REGION,AI,0,0,All,AI Region: All Strata,0,1991,0,0,0,0,0,0,0,0,2026-09-10T08:00:00Z,484 - butterfly skate egg case,0,0.35012874533780775,0.4408684611082993,0.3950588162277333,2.1232631837722664
Aleutian Islands Bottom Trawl Survey,52,2014,99904,484,410,12,12,0,0.043648,2.41e-4,4.00246,2.308009,2.8116120000000002,0.999439,257818,9576600844.20597,butterfly skate egg case,Bathyraja mariposa egg case,REGION,AI,0,0,All,AI Region: All Strata,0,1991,0,0,0,0,0,0,0,0,2026-09-10T08:00:00Z,484 - butterfly skate egg case,0,0.3555680729235884,0.9997194606488362,0.8521618571282812,4.7710621428717195
Aleutian Islands Bottom Trawl Survey,52,2016,99904,484,419,2,2,0,9.98e-4,1e-6,0.110333,0.005974,0.064297000000000007,0.002076,7107,24785906.198817,butterfly skate egg case,Bathyraja mariposa egg case,REGION,AI,0,0,All,AI Region: All Strata,0,1991,0,0,0,0,0,0,0,0,2026-09-10T08:00:00Z,484 - butterfly skate egg case,0,0.7086355972996885,0.045563142999578074,-0.02500676027917302,0.15360076027917302
Aleutian Islands Bottom Trawl Survey,52,2018,99904,484,420,2,2,0,0.005437,1.4e-5,0.375991,0.093469,0.350199,0.060032,24219,387828269.543896,butterfly skate egg case,Bathyraja mariposa egg case,REGION,AI,0,0,All,AI Region: All Strata,0,1991,0,0,0,0,0,0,0,0,2026-09-10T08:00:00Z,484 - butterfly skate egg case,0,0.699643018106325,0.24501428529781688,-0.13002899918372107,0.830426999183721
Aleutian Islands Bottom Trawl Survey,52,2022,99904,484,398,1,1,0,3.91e-4,0,0.048898,0.002391,0.025198,6.35e-4,3150,9920945.057256,butterfly skate egg case,Bathyraja mariposa egg case,REGION,AI,0,0,All,AI Region: All Strata,0,1991,0,0,0,0,0,0,0,0,2026-09-10T08:00:00Z,484 - butterfly skate egg case,0,1.0000478743038457,0.025199206336708305,-0.024192444419948275,0.07458844441994827
Aleutian Islands Bottom Trawl Survey,52,2024,99904,484,307,0,0,0,0,0,0,0,0,0,0,0,butterfly skate egg case,Bathyraja mariposa egg case,REGION,AI,0,0,All,AI Region: All Strata,0,1991,0,0,0,0,0,0,0,0,2026-09-10T08:00:00Z,484 - butterfly skate egg case,0,0,0,0,0
Aleutian Islands Bottom Trawl Survey,52,2026,99904,484,372,3,3,0,0.002947,5e-6,0.198287,0.013788,0.189828,0.020173,12773,57208923.142337,butterfly skate egg case,Bathyraja mariposa egg case,REGION,AI,0,0,All,AI Region: All Strata,0,1991,0,0,0,0,0,0,0,0,2026-09-10T08:00:00Z,484 - butterfly skate egg case,0,0.7482125218908146,0.14203168660548954,-0.08855410574675948,0.4682101057467595
Aleutian Islands Bottom Trawl Survey,52,2000,99904,436,419,0,0,0,0,0,0,0,0,0,0,0,Bering skate egg case,Bathyraja interrupta egg case,REGION,AI,0,0,All,AI Region: All Strata,0,1991,0,0,0,0,0,0,0,0,2026-09-10T08:00:00Z,436 - Bering skate egg case,0,0,0,0,0
Aleutian Islands Bottom Trawl Survey,52,2002,99904,436,414,0,0,0,0,0,0,0,0,0,0,0,Bering skate egg case,Bathyraja interrupta egg case,REGION,AI,0,0,All,AI Region: All Strata,0,1991,0,0,0,0,0,0,0,0,2026-09-10T08:00:00Z,436 - Bering skate egg case,0,0,0,0,0
Aleutian Islands Bottom Trawl Survey,52,2004,99904,436,419,0,0,0,0,0,0,0,0,0,0,0,Bering skate egg case,Bathyraja interrupta egg case,REGION,AI,0,0,All,AI Region: All Strata,0,1991,0,0,0,0,0,0,0,0,2026-09-10T08:00:00Z,436 - Bering skate egg case,0,0,0,0,0
Aleutian Islands Bottom Trawl Survey,52,2006,99904,436,357,3,3,0,0.007234,2.2e-5,0.324842,0.043538,0.466009,0.092245,20925,180650670.615391,Bering skate egg case,Bathyraja interrupta egg case,REGION,AI,0,0,All,AI Region: All Strata,0,1991,0,0,0,0,0,0,0,0,2026-09-10T08:00:00Z,436 - Bering skate egg case,0,0.6517441074705455,0.30371861977824144,-0.12927949476535316,1.0612974947653533
Aleutian Islands Bottom Trawl Survey,52,2010,99904,436,418,2,2,0,0.005021,1.8e-5,0.313599,0.06433,0.323455,0.075831,20200,266922080.453333,Bering skate egg case,Bathyraja interrupta egg case,REGION,AI,0,0,All,AI Region: All Strata,0,1991,0,0,0,0,0,0,0,0,2026-09-10T08:00:00Z,436 - Bering skate egg case,0,0.8513527097710245,0.2753742907389867,-0.21627860984841402,0.8631886098484141
Aleutian Islands Bottom Trawl Survey,52,2012,99904,436,420,2,1,0,0.00276,4e-6,0.05298,0.002807,0.177792,0.018649,3413,11646508.934895,Bering skate egg case,Bathyraja interrupta egg case,REGION,AI,0,0,All,AI Region: All Strata,0,1991,0,0,0,0,0,0,0,0,2026-09-10T08:00:00Z,436 - Bering skate egg case,0,0.7680960984086296,0.13656134152826707,-0.08986822939540345,0.44545222939540347
Aleutian Islands Bottom Trawl Survey,52,2014,99904,436,410,0,0,0,0,0,0,0,0,0,0,0,Bering skate egg case,Bathyraja interrupta egg case,REGION,AI,0,0,All,AI Region: All Strata,0,1991,0,0,0,0,0,0,0,0,2026-09-10T08:00:00Z,436 - Bering skate egg case,0,0,0,0,0
Aleutian Islands Bottom Trawl Survey,52,2016,99904,436,419,9,9,0,0.014023,3.9e-5,0.905713,0.181101,0.903294,0.163137,58342,751439856.640895,Bering skate egg case,Bathyraja interrupta egg case,REGION,AI,0,0,All,AI Region: All Strata,0,1991,0,0,0,0,0,0,0,0,2026-09-10T08:00:00Z,436 - Bering skate egg case,0,0.44714369395672404,0.4039022158889451,0.1116456568576677,1.6949423431423325
Aleutian Islands Bottom Trawl Survey,52,2018,99904,436,420,0,0,0,0,0,0,0,0,0,0,0,Bering skate egg case,Bathyraja interrupta egg case,REGION,AI,0,0,All,AI Region: All Strata,0,1991,0,0,0,0,0,0,0,0,2026-09-10T08:00:00Z,436 - Bering skate egg case,0,0,0,0,0
Aleutian Islands Bottom Trawl Survey,52,2022,99904,436,398,2,2,0,0.003808,1e-5,0.302403,0.051595,0.245318,0.041578,19479,214084230.516074,Bering skate egg case,Bathyraja interrupta egg case,REGION,AI,0,0,All,AI Region: All Strata,0,1991,0,0,0,0,0,0,0,0,2026-09-10T08:00:00Z,436 - Bering skate egg case,0,0.8311939665015935,0.20390684147423793,-0.15433940928950632,0.6449754092895064
Aleutian Islands Bottom Trawl Survey,52,2024,99904,436,307,6,6,0,0.006757,1e-5,0.971734,0.172748,0.435221,0.040784,62594,716782957.115057,Bering skate egg case,Bathyraja interrupta egg case,REGION,AI,0,0,All,AI Region: All Strata,0,1991,0,0,0,0,0,0,0,0,2026-09-10T08:00:00Z,436 - Bering skate egg case,0,0.464018255051639,0.2019504889818294,0.039398041595614386,0.8310439584043856
Aleutian Islands Bottom Trawl Survey,52,2026,99904,436,372,15,15,0,0.4067,0.133208,6.3198549999999996,9.937464,26.197607,552.720284,407093,41233434764.2357,Bering skate egg case,Bathyraja interrupta egg case,REGION,AI,0,0,All,AI Region: All Strata,0,1991,0,0,0,0,0,0,0,0,2026-09-10T08:00:00Z,436 - Bering skate egg case,0,0.8974103593976384,23.510003913228086,-19.88200066992705,72.27721466992705
Aleutian Islands Bottom Trawl Survey,52,2000,99904,456,419,0,0,0,0,0,0,0,0,0,0,0,mud skate egg case,Bathyraja taranetzi egg case,REGION,AI,0,0,All,AI Region: All Strata,0,1991,0,0,0,0,0,0,0,0,2026-09-10T08:00:00Z,456 - mud skate egg case,0,0,0,0,0
Aleutian Islands Bottom Trawl Survey,52,2002,99904,456,414,0,0,0,0,0,0,0,0,0,0,0,mud skate egg case,Bathyraja taranetzi egg case,REGION,AI,0,0,All,AI Region: All Strata,0,1991,0,0,0,0,0,0,0,0,2026-09-10T08:00:00Z,456 - mud skate egg case,0,0,0,0,0
Aleutian Islands Bottom Trawl Survey,52,2004,99904,456,419,0,0,0,0,0,0,0,0,0,0,0,mud skate egg case,Bathyraja taranetzi egg case,REGION,AI,0,0,All,AI Region: All Strata,0,1991,0,0,0,0,0,0,0,0,2026-09-10T08:00:00Z,456 - mud skate egg case,0,0,0,0,0
Aleutian Islands Bottom Trawl Survey,52,2006,99904,456,357,5,5,0,0.003211,3e-6,0.610122,0.116886,0.206858,0.011582,39301,484992886.004472,mud skate egg case,Bathyraja taranetzi egg case,REGION,AI,0,0,All,AI Region: All Strata,0,1991,0,0,0,0,0,0,0,0,2026-09-10T08:00:00Z,456 - mud skate egg case,0,0.5202588287554364,0.10761970079869206,-0.004076613565436427,0.4177926135654364
Aleutian Islands Bottom Trawl Survey,52,2010,99904,456,418,3,3,0,0.005426,1.3e-5,0.41303,0.074598,0.349522,0.052387,26605,309530139.029934,mud skate egg case,Bathyraja taranetzi egg case,REGION,AI,0,0,All,AI Region: All Strata,0,1991,0,0,0,0,0,0,0,0,2026-09-10T08:00:00Z,456 - mud skate egg case,0,0.6548430877082645,0.228882065701968,-0.09908684877585727,0.7981308487758573
Aleutian Islands Bottom Trawl Survey,52,2012,99904,456,420,26,25,0,0.091418,0.002518,4.383748,1.651559,5.888711,10.449706,282379,6852797742.88068,mud skate egg case,Bathyraja taranetzi egg case,REGION,AI,0,0,All,AI Region: All Strata,0,1991,0,0,0,0,0,0,0,0,2026-09-10T08:00:00Z,456 - mud skate egg case,0,0.5489487429667632,3.232600501144551,-0.44718598224331974,12.22460798224332
Aleutian Islands Bottom Trawl Survey,52,2014,99904,456,410,13,13,0,0.011481,3.8e-5,2.393444,1.812057,0.739544,0.159057,154174,7518750520.77008,mud skate egg case,Bathyraja taranetzi egg case,REGION,AI,0,0,All,AI Region: All Strata,0,1991,0,0,0,0,0,0,0,0,2026-09-10T08:00:00Z,456 - mud skate egg case,0,0.5392775927442321,0.3988195080484404,-0.04214223577494325,1.5212302357749432
Aleutian Islands Bottom Trawl Survey,52,2016,99904,456,419,2,2,0,5.81e-4,0,0.290668,0.048942,0.037447,8.12e-4,18723,203075023.322374,mud skate egg case,Bathyraja taranetzi egg case,REGION,AI,0,0,All,AI Region: All Strata,0,1991,0,0,0,0,0,0,0,0,2026-09-10T08:00:00Z,456 - mud skate egg case,0,0.7609585199762334,0.028495613697550014,-0.018404402847198027,0.09329840284719804
Aleutian Islands Bottom Trawl Survey,52,2018,99904,456,420,3,3,0,0.00297,3e-6,0.246812,0.029662,0.19129,0.013748,15898,123074504.999381,mud skate egg case,Bathyraja taranetzi egg case,REGION,AI,0,0,All,AI Region: All Strata,0,1991,0,0,0,0,0,0,0,0,2026-09-10T08:00:00Z,456 - mud skate egg case,0,0.6129534510784611,0.11725186565679882,-0.038523656687325686,0.42110365668732563
Aleutian Islands Bottom Trawl Survey,52,2022,99904,456,398,4,4,0,0.001256,0,0.259521,0.019337,0.080918,0.001751,16717,80235332.529351,mud skate egg case,Bathyraja taranetzi egg case,REGION,AI,0,0,All,AI Region: All Strata,0,1991,0,0,0,0,0,0,0,0,2026-09-10T08:00:00Z,456 - mud skate egg case,0,0.5171278566674331,0.04184495190581535,-0.0010981057353980778,0.16293410573539807
Aleutian Islands Bottom Trawl Survey,52,2024,99904,456,307,6,6,0,0.005589,1e-5,0.665785,0.096979,0.359991,0.040886,42887,402394372.448129,mud skate egg case,Bathyraja taranetzi egg case,REGION,AI,0,0,All,AI Region: All Strata,0,1991,0,0,0,0,0,0,0,0,2026-09-10T08:00:00Z,456 - mud skate egg case,0,0.56168867673563,0.2022028684267362,-0.03632662211640297,0.756308622116403
Aleutian Islands Bottom Trawl Survey,52,2026,99904,456,372,7,6,0,0.010454,3.4e-5,0.85837,0.180443,0.673406,0.14005,55292,748710144.118231,mud skate egg case,Bathyraja taranetzi egg case,REGION,AI,0,0,All,AI Region: All Strata,0,1991,0,0,0,0,0,0,0,0,2026-09-10T08:00:00Z,456 - mud skate egg case,0,0.5557309379828582,0.3742325480232846,-0.06008979412563786,1.4069017941256377
Aleutian Islands Bottom Trawl Survey,52,1991,99904,441,331,0,0,0,0,0,0,0,0,0,0,0,longnose skate egg case,Beringraja rhina egg case,REGION,AI,0,0,All,AI Region: All Strata,0,1991,0,0,0,0,0,0,0,0,2026-09-10T08:00:00Z,441 - longnose skate egg case,0,0,0,0,0
Aleutian Islands Bottom Trawl Survey,52,1994,99904,441,380,0,0,0,0,0,0,0,0,0,0,0,longnose skate egg case,Beringraja rhina egg case,REGION,AI,0,0,All,AI Region: All Strata,0,1991,0,0,0,0,0,0,0,0,2026-09-10T08:00:00Z,441 - longnose skate egg case,0,0,0,0,0
Aleutian Islands Bottom Trawl Survey,52,1997,99904,441,396,0,0,0,0,0,0,0,0,0,0,0,longnose skate egg case,Beringraja rhina egg case,REGION,AI,0,0,All,AI Region: All Strata,0,1991,0,0,0,0,0,0,0,0,2026-09-10T08:00:00Z,441 - longnose skate egg case,0,0,0,0,0
Aleutian Islands Bottom Trawl Survey,52,2000,99904,441,419,0,0,0,0,0,0,0,0,0,0,0,longnose skate egg case,Beringraja rhina egg case,REGION,AI,0,0,All,AI Region: All Strata,0,1991,0,0,0,0,0,0,0,0,2026-09-10T08:00:00Z,441 - longnose skate egg case,0,0,0,0,0
Aleutian Islands Bottom Trawl Survey,52,2002,99904,441,414,0,0,0,0,0,0,0,0,0,0,0,longnose skate egg case,Beringraja rhina egg case,REGION,AI,0,0,All,AI Region: All Strata,0,1991,0,0,0,0,0,0,0,0,2026-09-10T08:00:00Z,441 - longnose skate egg case,0,0,0,0,0
Aleutian Islands Bottom Trawl Survey,52,2004,99904,441,419,0,0,0,0,0,0,0,0,0,0,0,longnose skate egg case,Beringraja rhina egg case,REGION,AI,0,0,All,AI Region: All Strata,0,1991,0,0,0,0,0,0,0,0,2026-09-10T08:00:00Z,441 - longnose skate egg case,0,0,0,0,0
Aleutian Islands Bottom Trawl Survey,52,2006,99904,441,357,0,0,0,0,0,0,0,0,0,0,0,longnose skate egg case,Beringraja rhina egg case,REGION,AI,0,0,All,AI Region: All Strata,0,1991,0,0,0,0,0,0,0,0,2026-09-10T08:00:00Z,441 - longnose skate egg case,0,0,0,0,0
Aleutian Islands Bottom Trawl Survey,52,2010,99904,441,418,0,0,0,0,0,0,0,0,0,0,0,longnose skate egg case,Beringraja rhina egg case,REGION,AI,0,0,All,AI Region: All Strata,0,1991,0,0,0,0,0,0,0,0,2026-09-10T08:00:00Z,441 - longnose skate egg case,0,0,0,0,0
Aleutian Islands Bottom Trawl Survey,52,2012,99904,441,420,0,0,0,0,0,0,0,0,0,0,0,longnose skate egg case,Beringraja rhina egg case,REGION,AI,0,0,All,AI Region: All Strata,0,1991,0,0,0,0,0,0,0,0,2026-09-10T08:00:00Z,441 - longnose skate egg case,0,0,0,0,0
Aleutian Islands Bottom Trawl Survey,52,2014,99904,441,410,0,0,0,0,0,0,0,0,0,0,0,longnose skate egg case,Beringraja rhina egg case,REGION,AI,0,0,All,AI Region: All Strata,0,1991,0,0,0,0,0,0,0,0,2026-09-10T08:00:00Z,441 - longnose skate egg case,0,0,0,0,0
Aleutian Islands Bottom Trawl Survey,52,2016,99904,441,419,1,1,0,0.001188,1e-6,0.054018,0.002918,0.076551,0.00586,3480,12107408.05083,longnose skate egg case,Beringraja rhina egg case,REGION,AI,0,0,All,AI Region: All Strata,0,1991,0,0,0,0,0,0,0,0,2026-09-10T08:00:00Z,441 - longnose skate egg case,0,0.9999952559211318,0.07655063683601855,-0.07348824819859635,0.22659024819859636
Aleutian Islands Bottom Trawl Survey,52,2018,99904,441,420,0,0,0,0,0,0,0,0,0,0,0,longnose skate egg case,Beringraja rhina egg case,REGION,AI,0,0,All,AI Region: All Strata,0,1991,0,0,0,0,0,0,0,0,2026-09-10T08:00:00Z,441 - longnose skate egg case,0,0,0,0,0
Aleutian Islands Bottom Trawl Survey,52,2022,99904,441,398,0,0,0,0,0,0,0,0,0,0,0,longnose skate egg case,Beringraja rhina egg case,REGION,AI,0,0,All,AI Region: All Strata,0,1991,0,0,0,0,0,0,0,0,2026-09-10T08:00:00Z,441 - longnose skate egg case,0,0,0,0,0
Aleutian Islands Bottom Trawl Survey,52,2024,99904,441,307,0,0,0,0,0,0,0,0,0,0,0,longnose skate egg case,Beringraja rhina egg case,REGION,AI,0,0,All,AI Region: All Strata,0,1991,0,0,0,0,0,0,0,0,2026-09-10T08:00:00Z,441 - longnose skate egg case,0,0,0,0,0
Aleutian Islands Bottom Trawl Survey,52,2026,99904,441,372,0,0,0,0,0,0,0,0,0,0,0,longnose skate egg case,Beringraja rhina egg case,REGION,AI,0,0,All,AI Region: All Strata,0,1991,0,0,0,0,0,0,0,0,2026-09-10T08:00:00Z,441 - longnose skate egg case,0,0,0,0,0
Aleutian Islands Bottom Trawl Survey,52,2000,99904,473,419,0,0,0,0,0,0,0,0,0,0,0,Aleutian skate egg case,Bathyraja aleutica egg case,REGION,AI,0,0,All,AI Region: All Strata,0,1991,0,0,0,0,0,0,0,0,2026-09-10T08:00:00Z,473 - Aleutian skate egg case,0,0,0,0,0
Aleutian Islands Bottom Trawl Survey,52,2002,99904,473,414,0,0,0,0,0,0,0,0,0,0,0,Aleutian skate egg case,Bathyraja aleutica egg case,REGION,AI,0,0,All,AI Region: All Strata,0,1991,0,0,0,0,0,0,0,0,2026-09-10T08:00:00Z,473 - Aleutian skate egg case,0,0,0,0,0
Aleutian Islands Bottom Trawl Survey,52,2004,99904,473,419,0,0,0,0,0,0,0,0,0,0,0,Aleutian skate egg case,Bathyraja aleutica egg case,REGION,AI,0,0,All,AI Region: All Strata,0,1991,0,0,0,0,0,0,0,0,2026-09-10T08:00:00Z,473 - Aleutian skate egg case,0,0,0,0,0
Aleutian Islands Bottom Trawl Survey,52,2006,99904,473,357,2,2,0,0.010399,8e-5,0.17164,0.01503,0.669823,0.3337,11056,62363033.379236,Aleutian skate egg case,Bathyraja aleutica egg case,REGION,AI,0,0,All,AI Region: All Strata,0,1991,0,0,0,0,0,0,0,0,2026-09-10T08:00:00Z,473 - Aleutian skate egg case,0,0.8624184666119964,0.5776677245614472,-0.46240574014043656,1.8020517401404366
Aleutian Islands Bottom Trawl Survey,52,2010,99904,473,418,4,4,0,0.038799,7.99e-4,0.756501,0.29374,2.499246,3.315743,48730,1218811025.14103,Aleutian skate egg case,Bathyraja aleutica egg case,REGION,AI,0,0,All,AI Region: All Strata,0,1991,0,0,0,0,0,0,0,0,2026-09-10T08:00:00Z,473 - Aleutian skate egg case,0,0.7285870118377914,1.8209181749875527,-1.0697536229756035,6.068245622975603
Aleutian Islands Bottom Trawl Survey,52,2012,99904,473,420,8,8,0,0.01797,6.1e-5,0.519679,0.042076,1.157517,0.25125,33475,174584857.165052,Aleutian skate egg case,Bathyraja aleutica egg case,REGION,AI,0,0,All,AI Region: All Strata,0,1991,0,0,0,0,0,0,0,0,2026-09-10T08:00:00Z,473 - Aleutian skate egg case,0,0.43303764989549665,0.5012484413940855,0.1750700548675923,2.1399639451324077
Aleutian Islands Bottom Trawl Survey,52,2014,99904,473,410,9,9,0,0.393646,0.111378,3.609432,3.935696,25.3567,462.138985,232502,16330349246.324,Aleutian skate egg case,Bathyraja aleutica egg case,REGION,AI,0,0,All,AI Region: All Strata,0,1991,0,0,0,0,0,0,0,0,2026-09-10T08:00:00Z,473 - Aleutian skate egg case,0,0.8478003092194948,21.497418100785964,-16.77823947754049,67.49163947754049
Aleutian Islands Bottom Trawl Survey,52,2016,99904,473,419,4,4,0,0.318554,0.067075,8.578369,65.193018,20.519632,278.312391,552576,270504822117.0679,Aleutian skate egg case,Bathyraja aleutica egg case,REGION,AI,0,0,All,AI Region: All Strata,0,1991,0,0,0,0,0,0,0,0,2026-09-10T08:00:00Z,473 - Aleutian skate egg case,0,0.813011527392177,16.68269735384539,-12.178454813536966,53.21771881353697
Aleutian Islands Bottom Trawl Survey,52,2018,99904,473,420,0,0,0,0,0,0,0,0,0,0,0,Aleutian skate egg case,Bathyraja aleutica egg case,REGION,AI,0,0,All,AI Region: All Strata,0,1991,0,0,0,0,0,0,0,0,2026-09-10T08:00:00Z,473 - Aleutian skate egg case,0,0,0,0,0
Aleutian Islands Bottom Trawl Survey,52,2022,99904,473,398,1,1,0,0.008449,7.1e-5,0.206075,0.042467,0.544247,0.296204,13274,176207219.318394,Aleutian skate egg case,Bathyraja aleutica egg case,REGION,AI,0,0,All,AI Region: All Strata,0,1991,0,0,0,0,0,0,0,0,2026-09-10T08:00:00Z,473 - Aleutian skate egg case,0,0.9999986546309442,0.5442462677869275,-0.5224756848623778,1.6109696848623778
Aleutian Islands Bottom Trawl Survey,52,2024,99904,473,307,0,0,0,0,0,0,0,0,0,0,0,Aleutian skate egg case,Bathyraja aleutica egg case,REGION,AI,0,0,All,AI Region: All Strata,0,1991,0,0,0,0,0,0,0,0,2026-09-10T08:00:00Z,473 - Aleutian skate egg case,0,0,0,0,0
Aleutian Islands Bottom Trawl Survey,52,2026,99904,473,372,8,8,0,0.045846,5.77e-4,1.742625,0.607313,2.953165,2.393541,112251,2519919629.23351,Aleutian skate egg case,Bathyraja aleutica egg case,REGION,AI,0,0,All,AI Region: All Strata,0,1991,0,0,0,0,0,0,0,0,2026-09-10T08:00:00Z,473 - Aleutian skate egg case,0,0.5238810905381269,1.5471073007390275,-0.07916530944849409,5.985495309448494
Aleutian Islands Bottom Trawl Survey,52,1991,99904,478,331,0,0,0,0,0,0,0,0,0,0,0,leopard skate egg case,Bathyraja panthera egg case,REGION,AI,0,0,All,AI Region: All Strata,0,1991,0,0,0,0,0,0,0,0,2026-09-10T08:00:00Z,478 - leopard skate egg case,0,0,0,0,0
Aleutian Islands Bottom Trawl Survey,52,1994,99904,478,380,0,0,0,0,0,0,0,0,0,0,0,leopard skate egg case,Bathyraja panthera egg case,REGION,AI,0,0,All,AI Region: All Strata,0,1991,0,0,0,0,0,0,0,0,2026-09-10T08:00:00Z,478 - leopard skate egg case,0,0,0,0,0
Aleutian Islands Bottom Trawl Survey,52,1997,99904,478,396,0,0,0,0,0,0,0,0,0,0,0,leopard skate egg case,Bathyraja panthera egg case,REGION,AI,0,0,All,AI Region: All Strata,0,1991,0,0,0,0,0,0,0,0,2026-09-10T08:00:00Z,478 - leopard skate egg case,0,0,0,0,0
Aleutian Islands Bottom Trawl Survey,52,2000,99904,478,419,0,0,0,0,0,0,0,0,0,0,0,leopard skate egg case,Bathyraja panthera egg case,REGION,AI,0,0,All,AI Region: All Strata,0,1991,0,0,0,0,0,0,0,0,2026-09-10T08:00:00Z,478 - leopard skate egg case,0,0,0,0,0
Aleutian Islands Bottom Trawl Survey,52,2002,99904,478,414,0,0,0,0,0,0,0,0,0,0,0,leopard skate egg case,Bathyraja panthera egg case,REGION,AI,0,0,All,AI Region: All Strata,0,1991,0,0,0,0,0,0,0,0,2026-09-10T08:00:00Z,478 - leopard skate egg case,0,0,0,0,0
Aleutian Islands Bottom Trawl Survey,52,2004,99904,478,419,0,0,0,0,0,0,0,0,0,0,0,leopard skate egg case,Bathyraja panthera egg case,REGION,AI,0,0,All,AI Region: All Strata,0,1991,0,0,0,0,0,0,0,0,2026-09-10T08:00:00Z,478 - leopard skate egg case,0,0,0,0,0
Aleutian Islands Bottom Trawl Survey,52,2006,99904,478,357,0,0,0,0,0,0,0,0,0,0,0,leopard skate egg case,Bathyraja panthera egg case,REGION,AI,0,0,All,AI Region: All Strata,0,1991,0,0,0,0,0,0,0,0,2026-09-10T08:00:00Z,478 - leopard skate egg case,0,0,0,0,0
Aleutian Islands Bottom Trawl Survey,52,2010,99904,478,418,3,3,0,0.954565,0.559659,23.88708,320.109812,61.488301,2322.187001,1538686,1328228864461.74,leopard skate egg case,Bathyraja panthera egg case,REGION,AI,0,0,All,AI Region: All Strata,0,1991,0,0,0,0,0,0,0,0,2026-09-10T08:00:00Z,478 - leopard skate egg case,0,0.7837112873854082,48.18907553585148,-32.96228705026889,155.9388890502689
Aleutian Islands Bottom Trawl Survey,52,2012,99904,478,420,13,13,0,0.109829,0.003147,3.103302,2.065127,7.074604,13.059587,199899,8568814796.98442,leopard skate egg case,Bathyraja panthera egg case,REGION,AI,0,0,All,AI Region: All Strata,0,1991,0,0,0,0,0,0,0,0,2026-09-10T08:00:00Z,478 - leopard skate egg case,0,0.5108137583932264,3.613805058383753,-0.00845391443215604,14.157661914432156
Aleutian Islands Bottom Trawl Survey,52,2014,99904,478,410,2,2,0,0.005414,2.1e-5,0.093367,0.004507,0.348727,0.085274,6014,18701688.345633,leopard skate egg case,Bathyraja panthera egg case,REGION,AI,0,0,All,AI Region: All Strata,0,1991,0,0,0,0,0,0,0,0,2026-09-10T08:00:00Z,478 - leopard skate egg case,0,0.8373803083375646,0.2920171227856339,-0.22362656065984243,0.9210805606598425
Aleutian Islands Bottom Trawl Survey,52,2016,99904,478,419,1,1,0,6.15e-4,0,0.030753,9.46e-4,0.039619,0.00157,1981,3924196.344305,leopard skate egg case,Bathyraja panthera egg case,REGION,AI,0,0,All,AI Region: All Strata,0,1991,0,0,0,0,0,0,0,0,2026-09-10T08:00:00Z,478 - leopard skate egg case,0,1.0001066536842904,0.0396232255123179,-0.038042522004143084,0.11728052200414309
Aleutian Islands Bottom Trawl Survey,52,2018,99904,478,420,9,7,0,0.067878,9.92e-4,2.240314,1.876568,4.372348,4.118155,144310,7786426952.49303,leopard skate egg case,Bathyraja panthera egg case,REGION,AI,0,0,All,AI Region: All Strata,0,1991,0,0,0,0,0,0,0,0,2026-09-10T08:00:00Z,478 - leopard skate egg case,0,0.4641267755897617,2.029323778996343,0.3948733931671673,8.349822606832833
Aleutian Islands Bottom Trawl Survey,52,2022,99904,478,398,2,1,0,0.026763,5.25e-4,0.197488,0.039001,1.723966,2.179865,12721,161828108.360761,leopard skate egg case,Bathyraja panthera egg case,REGION,AI,0,0,All,AI Region: All Strata,0,1991,0,0,0,0,0,0,0,0,2026-09-10T08:00:00Z,478 - leopard skate egg case,0,0.8564186234223281,1.4764365885468973,-1.1698497135519184,4.617781713551919
Aleutian Islands Bottom Trawl Survey,52,2024,99904,478,307,0,0,0,0,0,0,0,0,0,0,0,leopard skate egg case,Bathyraja panthera egg case,REGION,AI,0,0,All,AI Region: All Strata,0,1991,0,0,0,0,0,0,0,0,2026-09-10T08:00:00Z,478 - leopard skate egg case,0,0,0,0,0
Aleutian Islands Bottom Trawl Survey,52,2026,99904,478,372,3,3,0,0.03005,4.13e-4,1.269404,0.728746,1.935658,1.715437,81769,3023781423.58712,leopard skate egg case,Bathyraja panthera egg case,REGION,AI,0,0,All,AI Region: All Strata,0,1991,0,0,0,0,0,0,0,0,2026-09-10T08:00:00Z,478 - leopard skate egg case,0,0.6766417012297244,1.309746922118926,-0.6314459673530948,4.502761967353095
Aleutian Islands Bottom Trawl Survey,52,1991,99904,486,331,0,0,0,0,0,0,0,0,0,0,0,whitebrow skate egg case,Bathyraja minispinosa egg case,REGION,AI,0,0,All,AI Region: All Strata,0,1991,0,0,0,0,0,0,0,0,2026-09-10T08:00:00Z,486 - whitebrow skate egg case,0,0,0,0,0
Aleutian Islands Bottom Trawl Survey,52,1994,99904,486,380,0,0,0,0,0,0,0,0,0,0,0,whitebrow skate egg case,Bathyraja minispinosa egg case,REGION,AI,0,0,All,AI Region: All Strata,0,1991,0,0,0,0,0,0,0,0,2026-09-10T08:00:00Z,486 - whitebrow skate egg case,0,0,0,0,0
Aleutian Islands Bottom Trawl Survey,52,1997,99904,486,396,0,0,0,0,0,0,0,0,0,0,0,whitebrow skate egg case,Bathyraja minispinosa egg case,REGION,AI,0,0,All,AI Region: All Strata,0,1991,0,0,0,0,0,0,0,0,2026-09-10T08:00:00Z,486 - whitebrow skate egg case,0,0,0,0,0
Aleutian Islands Bottom Trawl Survey,52,2000,99904,486,419,0,0,0,0,0,0,0,0,0,0,0,whitebrow skate egg case,Bathyraja minispinosa egg case,REGION,AI,0,0,All,AI Region: All Strata,0,1991,0,0,0,0,0,0,0,0,2026-09-10T08:00:00Z,486 - whitebrow skate egg case,0,0,0,0,0
Aleutian Islands Bottom Trawl Survey,52,2002,99904,486,414,0,0,0,0,0,0,0,0,0,0,0,whitebrow skate egg case,Bathyraja minispinosa egg case,REGION,AI,0,0,All,AI Region: All Strata,0,1991,0,0,0,0,0,0,0,0,2026-09-10T08:00:00Z,486 - whitebrow skate egg case,0,0,0,0,0
Aleutian Islands Bottom Trawl Survey,52,2004,99904,486,419,0,0,0,0,0,0,0,0,0,0,0,whitebrow skate egg case,Bathyraja minispinosa egg case,REGION,AI,0,0,All,AI Region: All Strata,0,1991,0,0,0,0,0,0,0,0,2026-09-10T08:00:00Z,486 - whitebrow skate egg case,0,0,0,0,0
Aleutian Islands Bottom Trawl Survey,52,2006,99904,486,357,0,0,0,0,0,0,0,0,0,0,0,whitebrow skate egg case,Bathyraja minispinosa egg case,REGION,AI,0,0,All,AI Region: All Strata,0,1991,0,0,0,0,0,0,0,0,2026-09-10T08:00:00Z,486 - whitebrow skate egg case,0,0,0,0,0
Aleutian Islands Bottom Trawl Survey,52,2010,99904,486,418,0,0,0,0,0,0,0,0,0,0,0,whitebrow skate egg case,Bathyraja minispinosa egg case,REGION,AI,0,0,All,AI Region: All Strata,0,1991,0,0,0,0,0,0,0,0,2026-09-10T08:00:00Z,486 - whitebrow skate egg case,0,0,0,0,0
Aleutian Islands Bottom Trawl Survey,52,2012,99904,486,420,0,0,0,0,0,0,0,0,0,0,0,whitebrow skate egg case,Bathyraja minispinosa egg case,REGION,AI,0,0,All,AI Region: All Strata,0,1991,0,0,0,0,0,0,0,0,2026-09-10T08:00:00Z,486 - whitebrow skate egg case,0,0,0,0,0
Aleutian Islands Bottom Trawl Survey,52,2014,99904,486,410,0,0,0,0,0,0,0,0,0,0,0,whitebrow skate egg case,Bathyraja minispinosa egg case,REGION,AI,0,0,All,AI Region: All Strata,0,1991,0,0,0,0,0,0,0,0,2026-09-10T08:00:00Z,486 - whitebrow skate egg case,0,0,0,0,0
Aleutian Islands Bottom Trawl Survey,52,2016,99904,486,419,2,1,0,4.66e-4,0,0.025968,6.74e-4,0.030028,4.56e-4,1673,2797913.703822,whitebrow skate egg case,Bathyraja minispinosa egg case,REGION,AI,0,0,All,AI Region: All Strata,0,1991,0,0,0,0,0,0,0,0,2026-09-10T08:00:00Z,486 - whitebrow skate egg case,0,0.7111414847496544,0.021354156504062624,-0.011826146747962743,0.07188214674796274
Aleutian Islands Bottom Trawl Survey,52,2018,99904,486,420,0,0,0,0,0,0,0,0,0,0,0,whitebrow skate egg case,Bathyraja minispinosa egg case,REGION,AI,0,0,All,AI Region: All Strata,0,1991,0,0,0,0,0,0,0,0,2026-09-10T08:00:00Z,486 - whitebrow skate egg case,0,0,0,0,0
Aleutian Islands Bottom Trawl Survey,52,2022,99904,486,398,0,0,0,0,0,0,0,0,0,0,0,whitebrow skate egg case,Bathyraja minispinosa egg case,REGION,AI,0,0,All,AI Region: All Strata,0,1991,0,0,0,0,0,0,0,0,2026-09-10T08:00:00Z,486 - whitebrow skate egg case,0,0,0,0,0
Aleutian Islands Bottom Trawl Survey,52,2024,99904,486,307,0,0,0,0,0,0,0,0,0,0,0,whitebrow skate egg case,Bathyraja minispinosa egg case,REGION,AI,0,0,All,AI Region: All Strata,0,1991,0,0,0,0,0,0,0,0,2026-09-10T08:00:00Z,486 - whitebrow skate egg case,0,0,0,0,0
Aleutian Islands Bottom Trawl Survey,52,2026,99904,486,372,0,0,0,0,0,0,0,0,0,0,0,whitebrow skate egg case,Bathyraja minispinosa egg case,REGION,AI,0,0,All,AI Region: All Strata,0,1991,0,0,0,0,0,0,0,0,2026-09-10T08:00:00Z,486 - whitebrow skate egg case,0,0,0,0,0
Aleutian Islands Bottom Trawl Survey,52,1991,99904,401,331,7,7,0,0.060799,0.001183,6.188973,23.440162,3.916378,4.907756,398663,97260060799.98871,skate egg case unid.,Rajiformes egg case,REGION,AI,0,0,All,AI Region: All Strata,0,1991,0,0,0,0,0,0,0,0,2026-09-10T08:00:00Z,401 - skate egg case unid.,0,0.5656618363286531,2.2153455712371377,-0.4256993196247896,8.25845531962479
Aleutian Islands Bottom Trawl Survey,52,1994,99904,401,380,56,56,0,0.933847,0.044881,20.667463,22.237527,60.15375,186.225451,1331294,92269976865.46391,skate egg case unid.,Rajiformes egg case,REGION,AI,0,0,All,AI Region: All Strata,0,1991,0,0,0,0,0,0,0,0,2026-09-10T08:00:00Z,401 - skate egg case unid.,0,0.22685941655419697,13.646444628547027,33.40671852804783,86.90078147195217
Aleutian Islands Bottom Trawl Survey,52,1997,99904,401,396,36,36,0,0.283448,0.010906,9.79309,7.244648,18.258272,45.252747,630822,30060154774.0855,skate egg case unid.,Rajiformes egg case,REGION,AI,0,0,All,AI Region: All Strata,0,1991,0,0,0,0,0,0,0,0,2026-09-10T08:00:00Z,401 - skate egg case unid.,0,0.3684366298924718,6.7270162033400815,5.073320241453443,31.44322375854656
Aleutian Islands Bottom Trawl Survey,52,2000,99904,401,419,46,46,0,0.149286,0.001157,8.550126,3.832399,9.616268,4.800137,550756,15901739685.4094,skate egg case unid.,Rajiformes egg case,REGION,AI,0,0,All,AI Region: All Strata,0,1991,0,0,0,0,0,0,0,0,2026-09-10T08:00:00Z,401 - skate egg case unid.,0,0.2278349038969065,2.190921495626897,5.322061868571281,13.910474131428717
Aleutian Islands Bottom Trawl Survey,52,2002,99904,401,414,18,17,0,0.085437,0.001047,4.168553,3.017518,5.503451,4.343865,268517,12520561554.1681,skate egg case unid.,Rajiformes egg case,REGION,AI,0,0,All,AI Region: All Strata,0,1991,0,0,0,0,0,0,0,0,2026-09-10T08:00:00Z,401 - skate egg case unid.,0,0.3787067585140037,2.0841940888506523,1.4184305858527217,9.588471414147278
Aleutian Islands Bottom Trawl Survey,52,2004,99904,401,419,46,45,0,0.232017,0.00463,8.41796,3.530765,14.945361,19.211989,542243,14650171979.2781,skate egg case unid.,Rajiformes egg case,REGION,AI,0,0,All,AI Region: All Strata,0,1991,0,0,0,0,0,0,0,0,2026-09-10T08:00:00Z,401 - skate egg case unid.,0,0.2932781816205149,4.38314829774216,6.354390336425366,23.536331663574636
Aleutian Islands Bottom Trawl Survey,52,2006,99904,401,357,33,33,0,0.303245,0.018304,8.889809,6.941123,19.533533,75.949008,572637,28800740645.9957,skate egg case unid.,Rajiformes egg case,REGION,AI,0,0,All,AI Region: All Strata,0,1991,0,0,0,0,0,0,0,0,2026-09-10T08:00:00Z,401 - skate egg case unid.,0,0.44614933737688606,8.714872804579537,2.4523823030241054,36.61468369697589
Aleutian Islands Bottom Trawl Survey,52,2010,99904,401,418,77,74,0,0.541418,0.033383,18.993427,37.574208,34.875412,138.516115,1223461,155906334242.071,skate egg case unid.,Rajiformes egg case,REGION,AI,0,0,All,AI Region: All Strata,0,1991,0,0,0,0,0,0,0,0,2026-09-10T08:00:00Z,401 - skate egg case unid.,0,0.33746660646672616,11.769286936768939,11.807609603932878,57.94321439606712
Aleutian Islands Bottom Trawl Survey,52,2012,99904,401,420,39,37,0,0.494731,0.04387,23.993475,92.79433,31.868079,182.03026500000001,1545540,385030707689.771,skate egg case unid.,Rajiformes egg case,REGION,AI,0,0,All,AI Region: All Strata,0,1991,0,0,0,0,0,0,0,0,2026-09-10T08:00:00Z,401 - skate egg case unid.,0,0.42336593969571645,13.49185921213233,5.424034944220637,58.31212305577937
Aleutian Islands Bottom Trawl Survey,52,2014,99904,401,410,61,52,0,0.720328,0.070835,22.295688,80.811686,46.39992,293.916361,1436177,335311226517.3499,skate egg case unid.,Rajiformes egg case,REGION,AI,0,0,All,AI Region: All Strata,0,1991,0,0,0,0,0,0,0,0,2026-09-10T08:00:00Z,401 - skate egg case unid.,0,0.3694831599542764,17.14398906322563,12.797701436077773,80.00213856392223
Aleutian Islands Bottom Trawl Survey,52,2016,99904,401,419,51,39,0,0.457592,0.040854,10.664972,1.963445,29.475807,169.514454,686984,8146903968.15821,skate egg case unid.,Rajiformes egg case,REGION,AI,0,0,All,AI Region: All Strata,0,1991,0,0,0,0,0,0,0,0,2026-09-10T08:00:00Z,401 - skate egg case unid.,0,0.4417104392420486,13.01977165698385,3.9570545523116536,54.994559447688346
Aleutian Islands Bottom Trawl Survey,52,2018,99904,401,420,68,58,0,0.531331,0.038653,23.747753,99.69306,34.225703,160.381837,1529711,413655550453.9199,skate egg case unid.,Rajiformes egg case,REGION,AI,0,0,All,AI Region: All Strata,0,1991,0,0,0,0,0,0,0,0,2026-09-10T08:00:00Z,401 - skate egg case unid.,0,0.37002001329353995,12.664195079040752,9.403880645080129,59.04752535491988
Aleutian Islands Bottom Trawl Survey,52,2022,99904,401,398,23,23,0,0.098987,0.001653,6.96348,5.083818,6.376247,6.856855,448553,21094242049.4004,skate egg case unid.,Rajiformes egg case,REGION,AI,0,0,All,AI Region: All Strata,0,1991,0,0,0,0,0,0,0,0,2026-09-10T08:00:00Z,401 - skate egg case unid.,0,0.41067413458480534,2.6185597186239615,1.243869951497036,11.508624048502964
Aleutian Islands Bottom Trawl Survey,52,2024,99904,401,307,15,13,0,0.049498,3.33e-4,1.988955,0.542479,3.188439,1.381934,128119,2250904371.61965,skate egg case unid.,Rajiformes egg case,REGION,AI,0,0,All,AI Region: All Strata,0,1991,0,0,0,0,0,0,0,0,2026-09-10T08:00:00Z,401 - skate egg case unid.,0,0.36869354856975844,1.175556889308212,0.8843474969559044,5.492530503044096
Aleutian Islands Bottom Trawl Survey,52,2026,99904,401,372,13,13,0,0.10585,0.003442,5.104455,4.127543,6.818319,14.279846,328803,17126377942.2232,skate egg case unid.,Rajiformes egg case,REGION,AI,0,0,All,AI Region: All Strata,0,1991,0,0,0,0,0,0,0,0,2026-09-10T08:00:00Z,401 - skate egg case unid.,0,0.5542228735737541,3.7788683491225252,-0.5882629642801493,14.224900964280149
Aleutian Islands Bottom Trawl Survey,52,1991,99904,481,331,0,0,0,0,0,0,0,0,0,0,0,whiteblotched skate egg case,Bathyraja maculata egg case,REGION,AI,0,0,All,AI Region: All Strata,0,1991,0,0,0,0,0,0,0,0,2026-09-10T08:00:00Z,481 - whiteblotched skate egg case,0,0,0,0,0
Aleutian Islands Bottom Trawl Survey,52,1994,99904,481,380,0,0,0,0,0,0,0,0,0,0,0,whiteblotched skate egg case,Bathyraja maculata egg case,REGION,AI,0,0,All,AI Region: All Strata,0,1991,0,0,0,0,0,0,0,0,2026-09-10T08:00:00Z,481 - whiteblotched skate egg case,0,0,0,0,0
Aleutian Islands Bottom Trawl Survey,52,1997,99904,481,396,0,0,0,0,0,0,0,0,0,0,0,whiteblotched skate egg case,Bathyraja maculata egg case,REGION,AI,0,0,All,AI Region: All Strata,0,1991,0,0,0,0,0,0,0,0,2026-09-10T08:00:00Z,481 - whiteblotched skate egg case,0,0,0,0,0
Aleutian Islands Bottom Trawl Survey,52,2000,99904,481,419,0,0,0,0,0,0,0,0,0,0,0,whiteblotched skate egg case,Bathyraja maculata egg case,REGION,AI,0,0,All,AI Region: All Strata,0,1991,0,0,0,0,0,0,0,0,2026-09-10T08:00:00Z,481 - whiteblotched skate egg case,0,0,0,0,0
Aleutian Islands Bottom Trawl Survey,52,2002,99904,481,414,0,0,0,0,0,0,0,0,0,0,0,whiteblotched skate egg case,Bathyraja maculata egg case,REGION,AI,0,0,All,AI Region: All Strata,0,1991,0,0,0,0,0,0,0,0,2026-09-10T08:00:00Z,481 - whiteblotched skate egg case,0,0,0,0,0
Aleutian Islands Bottom Trawl Survey,52,2004,99904,481,419,0,0,0,0,0,0,0,0,0,0,0,whiteblotched skate egg case,Bathyraja maculata egg case,REGION,AI,0,0,All,AI Region: All Strata,0,1991,0,0,0,0,0,0,0,0,2026-09-10T08:00:00Z,481 - whiteblotched skate egg case,0,0,0,0,0
Aleutian Islands Bottom Trawl Survey,52,2006,99904,481,357,0,0,0,0,0,0,0,0,0,0,0,whiteblotched skate egg case,Bathyraja maculata egg case,REGION,AI,0,0,All,AI Region: All Strata,0,1991,0,0,0,0,0,0,0,0,2026-09-10T08:00:00Z,481 - whiteblotched skate egg case,0,0,0,0,0
Aleutian Islands Bottom Trawl Survey,52,2010,99904,481,418,3,3,0,0.115098,0.006846,3.035006,5.093143,7.414049,28.404568,195500,21132933725.0458,whiteblotched skate egg case,Bathyraja maculata egg case,REGION,AI,0,0,All,AI Region: All Strata,0,1991,0,0,0,0,0,0,0,0,2026-09-10T08:00:00Z,481 - whiteblotched skate egg case,0,0.7188506045104409,5.329593605520031,-3.0319544668192595,17.860052466819262
Aleutian Islands Bottom Trawl Survey,52,2012,99904,481,420,7,7,0,0.029453,1.63e-4,0.700113,0.126542,1.897227,0.676506,45098,525061236.698178,whiteblotched skate egg case,Bathyraja maculata egg case,REGION,AI,0,0,All,AI Region: All Strata,0,1991,0,0,0,0,0,0,0,0,2026-09-10T08:00:00Z,481 - whiteblotched skate egg case,0,0.43352737865542823,0.8224998480243021,0.285127297872368,3.509326702127632
Aleutian Islands Bottom Trawl Survey,52,2014,99904,481,410,3,3,0,0.017581,2.74e-4,0.288383,0.048031,1.132487,1.138135,18576,199294442.617805,whiteblotched skate egg case,Bathyraja maculata egg case,REGION,AI,0,0,All,AI Region: All Strata,0,1991,0,0,0,0,0,0,0,0,2026-09-10T08:00:00Z,481 - whiteblotched skate egg case,0,0.9420276801784095,1.0668341014422065,-0.9585078388267247,3.223481838826725
Aleutian Islands Bottom Trawl Survey,52,2016,99904,481,419,0,0,0,0,0,0,0,0,0,0,0,whiteblotched skate egg case,Bathyraja maculata egg case,REGION,AI,0,0,All,AI Region: All Strata,0,1991,0,0,0,0,0,0,0,0,2026-09-10T08:00:00Z,481 - whiteblotched skate egg case,0,0,0,0,0
Aleutian Islands Bottom Trawl Survey,52,2018,99904,481,420,3,3,0,0.120984,0.010432,2.43988,4.024241,7.793169,43.285196,157165,16697749445.0249,whiteblotched skate egg case,Bathyraja maculata egg case,REGION,AI,0,0,All,AI Region: All Strata,0,1991,0,0,0,0,0,0,0,0,2026-09-10T08:00:00Z,481 - whiteblotched skate egg case,0,0.8442199286495226,6.579148577133671,-5.101962211181994,20.688300211181993
Aleutian Islands Bottom Trawl Survey,52,2022,99904,481,398,8,7,0,0.588434,0.100005,15.155909,67.068067,37.903968,414.948222,976268,278284948585.028,whiteblotched skate egg case,Bathyraja maculata egg case,REGION,AI,0,0,All,AI Region: All Strata,0,1991,0,0,0,0,0,0,0,0,2026-09-10T08:00:00Z,481 - whiteblotched skate egg case,0,0.5374180852725898,20.370277906793515,-2.021776697315289,77.82971269731529
Aleutian Islands Bottom Trawl Survey,52,2024,99904,481,307,8,8,0,0.107835,0.005782,3.65885,6.261616,6.946165,23.992098,235685,25981268220.9484,whiteblotched skate egg case,Bathyraja maculata egg case,REGION,AI,0,0,All,AI Region: All Strata,0,1991,0,0,0,0,0,0,0,0,2026-09-10T08:00:00Z,481 - whiteblotched skate egg case,0,0.705162190168681,4.898172924673036,-2.6542539323591496,16.546583932359148
Aleutian Islands Bottom Trawl Survey,52,2026,99904,481,372,5,5,0,0.279327,0.038392,8.864176,34.492306,17.992828,159.301039,570986,143118625908.104,whiteblotched skate egg case,Bathyraja maculata egg case,REGION,AI,0,0,All,AI Region: All Strata,0,1991,0,0,0,0,0,0,0,0,2026-09-10T08:00:00Z,481 - whiteblotched skate egg case,0,0.7014712495961306,12.621451540928247,-6.745217020219364,42.73087302021936
Aleutian Islands Bottom Trawl Survey,52,1991,99904,402,331,0,0,0,0,0,0,0,0,0,0,0,Bathyraja sp. egg case,Bathyraja sp. egg case,REGION,AI,0,0,All,AI Region: All Strata,0,1991,0,0,0,0,0,0,0,0,2026-09-10T08:00:00Z,402 - Bathyraja sp. egg case,0,0,0,0,0
Aleutian Islands Bottom Trawl Survey,52,1994,99904,402,380,0,0,0,0,0,0,0,0,0,0,0,Bathyraja sp. egg case,Bathyraja sp. egg case,REGION,AI,0,0,All,AI Region: All Strata,0,1991,0,0,0,0,0,0,0,0,2026-09-10T08:00:00Z,402 - Bathyraja sp. egg case,0,0,0,0,0
Aleutian Islands Bottom Trawl Survey,52,1997,99904,402,396,8,8,0,0.034978,3.31e-4,1.398111,0.285573,2.253129,1.373066,90059,1184925863.22117,Bathyraja sp. egg case,Bathyraja sp. egg case,REGION,AI,0,0,All,AI Region: All Strata,0,1991,0,0,0,0,0,0,0,0,2026-09-10T08:00:00Z,402 - Bathyraja sp. egg case,0,0.5200674215281527,1.171778989400305,-0.04355781922459778,4.549815819224598
Aleutian Islands Bottom Trawl Survey,52,2000,99904,402,419,22,22,0,1.412693,1.248093,16.407355,146.873637,90.998636,5178.701142,1056880,609421505958.396,Bathyraja sp. egg case,Bathyraja sp. egg case,REGION,AI,0,0,All,AI Region: All Strata,0,1991,0,0,0,0,0,0,0,0,2026-09-10T08:00:00Z,402 - Bathyraja sp. egg case,0,0.7908161718705382,71.96319296696055,-50.04922221524268,232.0464942152427
Aleutian Islands Bottom Trawl Survey,52,2002,99904,402,414,2,2,0,0.006713,2.3e-5,0.268486,0.038978,0.432401,0.09356,17295,161732474.725663,Bathyraja sp. egg case,Bathyraja sp. egg case,REGION,AI,0,0,All,AI Region: All Strata,0,1991,0,0,0,0,0,0,0,0,2026-09-10T08:00:00Z,402 - Bathyraja sp. egg case,0,0.7073891868539514,0.3058757917848354,-0.16711555189827748,1.0319175518982775
Aleutian Islands Bottom Trawl Survey,52,2004,99904,402,419,7,7,0,0.029628,2.8e-4,3.260951,2.585612,1.90848,1.161931,210054,10728459027.4832,Bathyraja sp. egg case,Bathyraja sp. egg case,REGION,AI,0,0,All,AI Region: All Strata,0,1991,0,0,0,0,0,0,0,0,2026-09-10T08:00:00Z,402 - Bathyraja sp. egg case,0,0.5648102327058733,1.077929032914505,-0.20426090451242995,4.02122090451243
Aleutian Islands Bottom Trawl Survey,52,2006,99904,402,357,17,17,0,0.19682,0.008782,6.206695,6.166168,12.678182,36.437285,399804,25585228733.197,Bathyraja sp. egg case,Bathyraja sp. egg case,REGION,AI,0,0,All,AI Region: All Strata,0,1991,0,0,0,0,0,0,0,0,2026-09-10T08:00:00Z,402 - Bathyraja sp. egg case,0,0.4761195591779773,6.036330425018167,0.8469743669643925,24.509389633035607
Aleutian Islands Bottom Trawl Survey,52,2010,99904,402,418,1,1,0,0.018167,3.3e-4,0.239035,0.057138,1.170206,1.369383,15397,237081500.113611,Bathyraja sp. egg case,Bathyraja sp. egg case,REGION,AI,0,0,All,AI Region: All Strata,0,1991,0,0,0,0,0,0,0,0,2026-09-10T08:00:00Z,402 - Bathyraja sp. egg case,0,1.0000003350284254,1.1702063920522738,-1.1233985284224566,3.4638105284224565
Aleutian Islands Bottom Trawl Survey,52,2012,99904,402,420,0,0,0,0,0,0,0,0,0,0,0,Bathyraja sp. egg case,Bathyraja sp. egg case,REGION,AI,0,0,All,AI Region: All Strata,0,1991,0,0,0,0,0,0,0,0,2026-09-10T08:00:00Z,402 - Bathyraja sp. egg case,0,0,0,0,0
Aleutian Islands Bottom Trawl Survey,52,2014,99904,402,410,0,0,0,0,0,0,0,0,0,0,0,Bathyraja sp. egg case,Bathyraja sp. egg case,REGION,AI,0,0,All,AI Region: All Strata,0,1991,0,0,0,0,0,0,0,0,2026-09-10T08:00:00Z,402 - Bathyraja sp. egg case,0,0,0,0,0
Aleutian Islands Bottom Trawl Survey,52,2016,99904,402,419,0,0,0,0,0,0,0,0,0,0,0,Bathyraja sp. egg case,Bathyraja sp. egg case,REGION,AI,0,0,All,AI Region: All Strata,0,1991,0,0,0,0,0,0,0,0,2026-09-10T08:00:00Z,402 - Bathyraja sp. egg case,0,0,0,0,0
Aleutian Islands Bottom Trawl Survey,52,2018,99904,402,420,0,0,0,0,0,0,0,0,0,0,0,Bathyraja sp. egg case,Bathyraja sp. egg case,REGION,AI,0,0,All,AI Region: All Strata,0,1991,0,0,0,0,0,0,0,0,2026-09-10T08:00:00Z,402 - Bathyraja sp. egg case,0,0,0,0,0
Aleutian Islands Bottom Trawl Survey,52,2022,99904,402,398,6,6,0,0.00463,8e-6,0.307908,0.016287,0.298218,0.035268,19834,67581327.603142,Bathyraja sp. egg case,Bathyraja sp. egg case,REGION,AI,0,0,All,AI Region: All Strata,0,1991,0,0,0,0,0,0,0,0,2026-09-10T08:00:00Z,402 - Bathyraja sp. egg case,0,0.6297331601880449,0.18779776356495836,-0.06986561658731838,0.6663016165873183
Aleutian Islands Bottom Trawl Survey,52,2024,99904,402,307,0,0,0,0,0,0,0,0,0,0,0,Bathyraja sp. egg case,Bathyraja sp. egg case,REGION,AI,0,0,All,AI Region: All Strata,0,1991,0,0,0,0,0,0,0,0,2026-09-10T08:00:00Z,402 - Bathyraja sp. egg case,0,0,0,0,0
Aleutian Islands Bottom Trawl Survey,52,2026,99904,402,372,0,0,0,0,0,0,0,0,0,0,0,Bathyraja sp. egg case,Bathyraja sp. egg case,REGION,AI,0,0,All,AI Region: All Strata,0,1991,0,0,0,0,0,0,0,0,2026-09-10T08:00:00Z,402 - Bathyraja sp. egg case,0,0,0,0,0
Aleutian Islands Bottom Trawl Survey,52,1991,99904,411,331,0,0,0,0,0,0,0,0,0,0,0,deepsea skate egg case,Bathyraja abyssicola egg case,REGION,AI,0,0,All,AI Region: All Strata,0,1991,0,0,0,0,0,0,0,0,2026-09-10T08:00:00Z,411 - deepsea skate egg case,0,0,0,0,0
Aleutian Islands Bottom Trawl Survey,52,1994,99904,411,380,0,0,0,0,0,0,0,0,0,0,0,deepsea skate egg case,Bathyraja abyssicola egg case,REGION,AI,0,0,All,AI Region: All Strata,0,1991,0,0,0,0,0,0,0,0,2026-09-10T08:00:00Z,411 - deepsea skate egg case,0,0,0,0,0
Aleutian Islands Bottom Trawl Survey,52,1997,99904,411,396,0,0,0,0,0,0,0,0,0,0,0,deepsea skate egg case,Bathyraja abyssicola egg case,REGION,AI,0,0,All,AI Region: All Strata,0,1991,0,0,0,0,0,0,0,0,2026-09-10T08:00:00Z,411 - deepsea skate egg case,0,0,0,0,0
Aleutian Islands Bottom Trawl Survey,52,2000,99904,411,419,0,0,0,0,0,0,0,0,0,0,0,deepsea skate egg case,Bathyraja abyssicola egg case,REGION,AI,0,0,All,AI Region: All Strata,0,1991,0,0,0,0,0,0,0,0,2026-09-10T08:00:00Z,411 - deepsea skate egg case,0,0,0,0,0
Aleutian Islands Bottom Trawl Survey,52,2002,99904,411,414,0,0,0,0,0,0,0,0,0,0,0,deepsea skate egg case,Bathyraja abyssicola egg case,REGION,AI,0,0,All,AI Region: All Strata,0,1991,0,0,0,0,0,0,0,0,2026-09-10T08:00:00Z,411 - deepsea skate egg case,0,0,0,0,0
Aleutian Islands Bottom Trawl Survey,52,2004,99904,411,419,0,0,0,0,0,0,0,0,0,0,0,deepsea skate egg case,Bathyraja abyssicola egg case,REGION,AI,0,0,All,AI Region: All Strata,0,1991,0,0,0,0,0,0,0,0,2026-09-10T08:00:00Z,411 - deepsea skate egg case,0,0,0,0,0
Aleutian Islands Bottom Trawl Survey,52,2006,99904,411,357,0,0,0,0,0,0,0,0,0,0,0,deepsea skate egg case,Bathyraja abyssicola egg case,REGION,AI,0,0,All,AI Region: All Strata,0,1991,0,0,0,0,0,0,0,0,2026-09-10T08:00:00Z,411 - deepsea skate egg case,0,0,0,0,0
Aleutian Islands Bottom Trawl Survey,52,2010,99904,411,418,0,0,0,0,0,0,0,0,0,0,0,deepsea skate egg case,Bathyraja abyssicola egg case,REGION,AI,0,0,All,AI Region: All Strata,0,1991,0,0,0,0,0,0,0,0,2026-09-10T08:00:00Z,411 - deepsea skate egg case,0,0,0,0,0
Aleutian Islands Bottom Trawl Survey,52,2012,99904,411,420,0,0,0,0,0,0,0,0,0,0,0,deepsea skate egg case,Bathyraja abyssicola egg case,REGION,AI,0,0,All,AI Region: All Strata,0,1991,0,0,0,0,0,0,0,0,2026-09-10T08:00:00Z,411 - deepsea skate egg case,0,0,0,0,0
Aleutian Islands Bottom Trawl Survey,52,2014,99904,411,410,0,0,0,0,0,0,0,0,0,0,0,deepsea skate egg case,Bathyraja abyssicola egg case,REGION,AI,0,0,All,AI Region: All Strata,0,1991,0,0,0,0,0,0,0,0,2026-09-10T08:00:00Z,411 - deepsea skate egg case,0,0,0,0,0
Aleutian Islands Bottom Trawl Survey,52,2016,99904,411,419,1,1,0,0.026826,7.2e-4,0.511945,0.262087,1.72799,2.985951,32977,1087477035.05163,deepsea skate egg case,Bathyraja abyssicola egg case,REGION,AI,0,0,All,AI Region: All Strata,0,1991,0,0,0,0,0,0,0,0,2026-09-10T08:00:00Z,411 - deepsea skate egg case,0,1.000000261206666,1.7279904513625068,-1.6588712846705136,5.114851284670514
Aleutian Islands Bottom Trawl Survey,52,2018,99904,411,420,0,0,0,0,0,0,0,0,0,0,0,deepsea skate egg case,Bathyraja abyssicola egg case,REGION,AI,0,0,All,AI Region: All Strata,0,1991,0,0,0,0,0,0,0,0,2026-09-10T08:00:00Z,411 - deepsea skate egg case,0,0,0,0,0
Aleutian Islands Bottom Trawl Survey,52,2022,99904,411,398,0,0,0,0,0,0,0,0,0,0,0,deepsea skate egg case,Bathyraja abyssicola egg case,REGION,AI,0,0,All,AI Region: All Strata,0,1991,0,0,0,0,0,0,0,0,2026-09-10T08:00:00Z,411 - deepsea skate egg case,0,0,0,0,0
Aleutian Islands Bottom Trawl Survey,52,2024,99904,411,307,0,0,0,0,0,0,0,0,0,0,0,deepsea skate egg case,Bathyraja abyssicola egg case,REGION,AI,0,0,All,AI Region: All Strata,0,1991,0,0,0,0,0,0,0,0,2026-09-10T08:00:00Z,411 - deepsea skate egg case,0,0,0,0,0
Aleutian Islands Bottom Trawl Survey,52,2026,99904,411,372,0,0,0,0,0,0,0,0,0,0,0,deepsea skate egg case,Bathyraja abyssicola egg case,REGION,AI,0,0,All,AI Region: All Strata,0,1991,0,0,0,0,0,0,0,0,2026-09-10T08:00:00Z,411 - deepsea skate egg case,0,0,0,0,0
Aleutian Islands Bottom Trawl Survey,52,1991,99904,446,331,0,0,0,0,0,0,0,0,0,0,0,roughshoulder skate egg case,Amblyraja hyperborea egg case,REGION,AI,0,0,All,AI Region: All Strata,0,1991,0,0,0,0,0,0,0,0,2026-09-10T08:00:00Z,446 - roughshoulder skate egg case,0,0,0,0,0
Aleutian Islands Bottom Trawl Survey,52,1994,99904,446,380,0,0,0,0,0,0,0,0,0,0,0,roughshoulder skate egg case,Amblyraja hyperborea egg case,REGION,AI,0,0,All,AI Region: All Strata,0,1991,0,0,0,0,0,0,0,0,2026-09-10T08:00:00Z,446 - roughshoulder skate egg case,0,0,0,0,0
Aleutian Islands Bottom Trawl Survey,52,1997,99904,446,396,0,0,0,0,0,0,0,0,0,0,0,roughshoulder skate egg case,Amblyraja hyperborea egg case,REGION,AI,0,0,All,AI Region: All Strata,0,1991,0,0,0,0,0,0,0,0,2026-09-10T08:00:00Z,446 - roughshoulder skate egg case,0,0,0,0,0
Aleutian Islands Bottom Trawl Survey,52,2000,99904,446,419,0,0,0,0,0,0,0,0,0,0,0,roughshoulder skate egg case,Amblyraja hyperborea egg case,REGION,AI,0,0,All,AI Region: All Strata,0,1991,0,0,0,0,0,0,0,0,2026-09-10T08:00:00Z,446 - roughshoulder skate egg case,0,0,0,0,0
Aleutian Islands Bottom Trawl Survey,52,2002,99904,446,414,0,0,0,0,0,0,0,0,0,0,0,roughshoulder skate egg case,Amblyraja hyperborea egg case,REGION,AI,0,0,All,AI Region: All Strata,0,1991,0,0,0,0,0,0,0,0,2026-09-10T08:00:00Z,446 - roughshoulder skate egg case,0,0,0,0,0
Aleutian Islands Bottom Trawl Survey,52,2004,99904,446,419,0,0,0,0,0,0,0,0,0,0,0,roughshoulder skate egg case,Amblyraja hyperborea egg case,REGION,AI,0,0,All,AI Region: All Strata,0,1991,0,0,0,0,0,0,0,0,2026-09-10T08:00:00Z,446 - roughshoulder skate egg case,0,0,0,0,0
Aleutian Islands Bottom Trawl Survey,52,2006,99904,446,357,1,1,0,0.007632,5.8e-5,0.136287,0.018574,0.491619,0.24169,8779,77069374.263315,roughshoulder skate egg case,Amblyraja hyperborea egg case,REGION,AI,0,0,All,AI Region: All Strata,0,1991,0,0,0,0,0,0,0,0,2026-09-10T08:00:00Z,446 - roughshoulder skate egg case,0,1.0000015698638482,0.49161977177489513,-0.47195575267879447,1.4551937526787944
Aleutian Islands Bottom Trawl Survey,52,2010,99904,446,418,0,0,0,0,0,0,0,0,0,0,0,roughshoulder skate egg case,Amblyraja hyperborea egg case,REGION,AI,0,0,All,AI Region: All Strata,0,1991,0,0,0,0,0,0,0,0,2026-09-10T08:00:00Z,446 - roughshoulder skate egg case,0,0,0,0,0
Aleutian Islands Bottom Trawl Survey,52,2012,99904,446,420,0,0,0,0,0,0,0,0,0,0,0,roughshoulder skate egg case,Amblyraja hyperborea egg case,REGION,AI,0,0,All,AI Region: All Strata,0,1991,0,0,0,0,0,0,0,0,2026-09-10T08:00:00Z,446 - roughshoulder skate egg case,0,0,0,0,0
Aleutian Islands Bottom Trawl Survey,52,2014,99904,446,410,0,0,0,0,0,0,0,0,0,0,0,roughshoulder skate egg case,Amblyraja hyperborea egg case,REGION,AI,0,0,All,AI Region: All Strata,0,1991,0,0,0,0,0,0,0,0,2026-09-10T08:00:00Z,446 - roughshoulder skate egg case,0,0,0,0,0
Aleutian Islands Bottom Trawl Survey,52,2016,99904,446,419,0,0,0,0,0,0,0,0,0,0,0,roughshoulder skate egg case,Amblyraja hyperborea egg case,REGION,AI,0,0,All,AI Region: All Strata,0,1991,0,0,0,0,0,0,0,0,2026-09-10T08:00:00Z,446 - roughshoulder skate egg case,0,0,0,0,0
Aleutian Islands Bottom Trawl Survey,52,2018,99904,446,420,0,0,0,0,0,0,0,0,0,0,0,roughshoulder skate egg case,Amblyraja hyperborea egg case,REGION,AI,0,0,All,AI Region: All Strata,0,1991,0,0,0,0,0,0,0,0,2026-09-10T08:00:00Z,446 - roughshoulder skate egg case,0,0,0,0,0
Aleutian Islands Bottom Trawl Survey,52,2022,99904,446,398,0,0,0,0,0,0,0,0,0,0,0,roughshoulder skate egg case,Amblyraja hyperborea egg case,REGION,AI,0,0,All,AI Region: All Strata,0,1991,0,0,0,0,0,0,0,0,2026-09-10T08:00:00Z,446 - roughshoulder skate egg case,0,0,0,0,0
Aleutian Islands Bottom Trawl Survey,52,2024,99904,446,307,0,0,0,0,0,0,0,0,0,0,0,roughshoulder skate egg case,Amblyraja hyperborea egg case,REGION,AI,0,0,All,AI Region: All Strata,0,1991,0,0,0,0,0,0,0,0,2026-09-10T08:00:00Z,446 - roughshoulder skate egg case,0,0,0,0,0
Aleutian Islands Bottom Trawl Survey,52,2026,99904,446,372,0,0,0,0,0,0,0,0,0,0,0,roughshoulder skate egg case,Amblyraja hyperborea egg case,REGION,AI,0,0,All,AI Region: All Strata,0,1991,0,0,0,0,0,0,0,0,2026-09-10T08:00:00Z,446 - roughshoulder skate egg case,0,0,0,0,0
Eastern Bering Sea Crab/Groundfish Bottom Trawl Survey,98,1982,99901,421,329,0,0,0,0,0,0,0,0,0,0,0,big skate egg case,Beringraja binoculata egg case,REGION,EBS_SHELF,1,200,Standard,EBS Standard Region: All Strata,0,2022,0,0,0,0,0,0,0,0,2026-09-10T08:00:00Z,421 - big skate egg case,0,0,0,0,0
Eastern Bering Sea Crab/Groundfish Bottom Trawl Survey,98,1983,99901,421,353,0,0,0,0,0,0,0,0,0,0,0,big skate egg case,Beringraja binoculata egg case,REGION,EBS_SHELF,1,200,Standard,EBS Standard Region: All Strata,0,2022,0,0,0,0,0,0,0,0,2026-09-10T08:00:00Z,421 - big skate egg case,0,0,0,0,0
Eastern Bering Sea Crab/Groundfish Bottom Trawl Survey,98,1984,99901,421,355,0,0,0,0,0,0,0,0,0,0,0,big skate egg case,Beringraja binoculata egg case,REGION,EBS_SHELF,1,200,Standard,EBS Standard Region: All Strata,0,2022,0,0,0,0,0,0,0,0,2026-09-10T08:00:00Z,421 - big skate egg case,0,0,0,0,0
Eastern Bering Sea Crab/Groundfish Bottom Trawl Survey,98,1985,99901,421,353,0,0,0,0,0,0,0,0,0,0,0,big skate egg case,Beringraja binoculata egg case,REGION,EBS_SHELF,1,200,Standard,EBS Standard Region: All Strata,0,2022,0,0,0,0,0,0,0,0,2026-09-10T08:00:00Z,421 - big skate egg case,0,0,0,0,0
Eastern Bering Sea Crab/Groundfish Bottom Trawl Survey,98,1986,99901,421,354,0,0,0,0,0,0,0,0,0,0,0,big skate egg case,Beringraja binoculata egg case,REGION,EBS_SHELF,1,200,Standard,EBS Standard Region: All Strata,0,2022,0,0,0,0,0,0,0,0,2026-09-10T08:00:00Z,421 - big skate egg case,0,0,0,0,0
Eastern Bering Sea Crab/Groundfish Bottom Trawl Survey,98,1987,99901,421,343,0,0,0,0,0,0,0,0,0,0,0,big skate egg case,Beringraja binoculata egg case,REGION,EBS_SHELF,1,200,Standard,EBS Standard Region: All Strata,0,2022,0,0,0,0,0,0,0,0,2026-09-10T08:00:00Z,421 - big skate egg case,0,0,0,0,0
Eastern Bering Sea Crab/Groundfish Bottom Trawl Survey,98,1988,99901,421,353,0,0,0,0,0,0,0,0,0,0,0,big skate egg case,Beringraja binoculata egg case,REGION,EBS_SHELF,1,200,Standard,EBS Standard Region: All Strata,0,2022,0,0,0,0,0,0,0,0,2026-09-10T08:00:00Z,421 - big skate egg case,0,0,0,0,0
Eastern Bering Sea Crab/Groundfish Bottom Trawl Survey,98,1989,99901,421,354,0,0,0,0,0,0,0,0,0,0,0,big skate egg case,Beringraja binoculata egg case,REGION,EBS_SHELF,1,200,Standard,EBS Standard Region: All Strata,0,2022,0,0,0,0,0,0,0,0,2026-09-10T08:00:00Z,421 - big skate egg case,0,0,0,0,0
Eastern Bering Sea Crab/Groundfish Bottom Trawl Survey,98,1990,99901,421,351,0,0,0,0,0,0,0,0,0,0,0,big skate egg case,Beringraja binoculata egg case,REGION,EBS_SHELF,1,200,Standard,EBS Standard Region: All Strata,0,2022,0,0,0,0,0,0,0,0,2026-09-10T08:00:00Z,421 - big skate egg case,0,0,0,0,0
Eastern Bering Sea Crab/Groundfish Bottom Trawl Survey,98,1991,99901,421,352,0,0,0,0,0,0,0,0,0,0,0,big skate egg case,Beringraja binoculata egg case,REGION,EBS_SHELF,1,200,Standard,EBS Standard Region: All Strata,0,2022,0,0,0,0,0,0,0,0,2026-09-10T08:00:00Z,421 - big skate egg case,0,0,0,0,0
Eastern Bering Sea Crab/Groundfish Bottom Trawl Survey,98,1992,99901,421,336,0,0,0,0,0,0,0,0,0,0,0,big skate egg case,Beringraja binoculata egg case,REGION,EBS_SHELF,1,200,Standard,EBS Standard Region: All Strata,0,2022,0,0,0,0,0,0,0,0,2026-09-10T08:00:00Z,421 - big skate egg case,0,0,0,0,0
Eastern Bering Sea Crab/Groundfish Bottom Trawl Survey,98,1993,99901,421,355,0,0,0,0,0,0,0,0,0,0,0,big skate egg case,Beringraja binoculata egg case,REGION,EBS_SHELF,1,200,Standard,EBS Standard Region: All Strata,0,2022,0,0,0,0,0,0,0,0,2026-09-10T08:00:00Z,421 - big skate egg case,0,0,0,0,0
Eastern Bering Sea Crab/Groundfish Bottom Trawl Survey,98,1994,99901,421,355,0,0,0,0,0,0,0,0,0,0,0,big skate egg case,Beringraja binoculata egg case,REGION,EBS_SHELF,1,200,Standard,EBS Standard Region: All Strata,0,2022,0,0,0,0,0,0,0,0,2026-09-10T08:00:00Z,421 - big skate egg case,0,0,0,0,0
Eastern Bering Sea Crab/Groundfish Bottom Trawl Survey,98,1995,99901,421,356,0,0,0,0,0,0,0,0,0,0,0,big skate egg case,Beringraja binoculata egg case,REGION,EBS_SHELF,1,200,Standard,EBS Standard Region: All Strata,0,2022,0,0,0,0,0,0,0,0,2026-09-10T08:00:00Z,421 - big skate egg case,0,0,0,0,0
Eastern Bering Sea Crab/Groundfish Bottom Trawl Survey,98,1996,99901,421,355,0,0,0,0,0,0,0,0,0,0,0,big skate egg case,Beringraja binoculata egg case,REGION,EBS_SHELF,1,200,Standard,EBS Standard Region: All Strata,0,2022,0,0,0,0,0,0,0,0,2026-09-10T08:00:00Z,421 - big skate egg case,0,0,0,0,0
Eastern Bering Sea Crab/Groundfish Bottom Trawl Survey,98,1997,99901,421,356,0,0,0,0,0,0,0,0,0,0,0,big skate egg case,Beringraja binoculata egg case,REGION,EBS_SHELF,1,200,Standard,EBS Standard Region: All Strata,0,2022,0,0,0,0,0,0,0,0,2026-09-10T08:00:00Z,421 - big skate egg case,0,0,0,0,0
Eastern Bering Sea Crab/Groundfish Bottom Trawl Survey,98,1998,99901,421,355,0,0,0,0,0,0,0,0,0,0,0,big skate egg case,Beringraja binoculata egg case,REGION,EBS_SHELF,1,200,Standard,EBS Standard Region: All Strata,0,2022,0,0,0,0,0,0,0,0,2026-09-10T08:00:00Z,421 - big skate egg case,0,0,0,0,0
Eastern Bering Sea Crab/Groundfish Bottom Trawl Survey,98,1999,99901,421,353,0,0,0,0,0,0,0,0,0,0,0,big skate egg case,Beringraja binoculata egg case,REGION,EBS_SHELF,1,200,Standard,EBS Standard Region: All Strata,0,2022,0,0,0,0,0,0,0,0,2026-09-10T08:00:00Z,421 - big skate egg case,0,0,0,0,0
Eastern Bering Sea Crab/Groundfish Bottom Trawl Survey,98,2000,99901,421,352,0,0,0,0,0,0,0,0,0,0,0,big skate egg case,Beringraja binoculata egg case,REGION,EBS_SHELF,1,200,Standard,EBS Standard Region: All Strata,0,2022,0,0,0,0,0,0,0,0,2026-09-10T08:00:00Z,421 - big skate egg case,0,0,0,0,0
Eastern Bering Sea Crab/Groundfish Bottom Trawl Survey,98,2001,99901,421,355,0,0,0,0,0,0,0,0,0,0,0,big skate egg case,Beringraja binoculata egg case,REGION,EBS_SHELF,1,200,Standard,EBS Standard Region: All Strata,0,2022,0,0,0,0,0,0,0,0,2026-09-10T08:00:00Z,421 - big skate egg case,0,0,0,0,0
Eastern Bering Sea Crab/Groundfish Bottom Trawl Survey,98,2002,99901,421,355,0,0,0,0,0,0,0,0,0,0,0,big skate egg case,Beringraja binoculata egg case,REGION,EBS_SHELF,1,200,Standard,EBS Standard Region: All Strata,0,2022,0,0,0,0,0,0,0,0,2026-09-10T08:00:00Z,421 - big skate egg case,0,0,0,0,0
Eastern Bering Sea Crab/Groundfish Bottom Trawl Survey,98,2003,99901,421,356,0,0,0,0,0,0,0,0,0,0,0,big skate egg case,Beringraja binoculata egg case,REGION,EBS_SHELF,1,200,Standard,EBS Standard Region: All Strata,0,2022,0,0,0,0,0,0,0,0,2026-09-10T08:00:00Z,421 - big skate egg case,0,0,0,0,0
Eastern Bering Sea Crab/Groundfish Bottom Trawl Survey,98,2004,99901,421,355,0,0,0,0,0,0,0,0,0,0,0,big skate egg case,Beringraja binoculata egg case,REGION,EBS_SHELF,1,200,Standard,EBS Standard Region: All Strata,0,2022,0,0,0,0,0,0,0,0,2026-09-10T08:00:00Z,421 - big skate egg case,0,0,0,0,0
Eastern Bering Sea Crab/Groundfish Bottom Trawl Survey,98,2005,99901,421,353,0,0,0,0,0,0,0,0,0,0,0,big skate egg case,Beringraja binoculata egg case,REGION,EBS_SHELF,1,200,Standard,EBS Standard Region: All Strata,0,2022,0,0,0,0,0,0,0,0,2026-09-10T08:00:00Z,421 - big skate egg case,0,0,0,0,0
Eastern Bering Sea Crab/Groundfish Bottom Trawl Survey,98,2006,99901,421,356,0,0,0,0,0,0,0,0,0,0,0,big skate egg case,Beringraja binoculata egg case,REGION,EBS_SHELF,1,200,Standard,EBS Standard Region: All Strata,0,2022,0,0,0,0,0,0,0,0,2026-09-10T08:00:00Z,421 - big skate egg case,0,0,0,0,0
Eastern Bering Sea Crab/Groundfish Bottom Trawl Survey,98,2007,99901,421,356,0,0,0,0,0,0,0,0,0,0,0,big skate egg case,Beringraja binoculata egg case,REGION,EBS_SHELF,1,200,Standard,EBS Standard Region: All Strata,0,2022,0,0,0,0,0,0,0,0,2026-09-10T08:00:00Z,421 - big skate egg case,0,0,0,0,0
Eastern Bering Sea Crab/Groundfish Bottom Trawl Survey,98,2008,99901,421,355,0,0,0,0,0,0,0,0,0,0,0,big skate egg case,Beringraja binoculata egg case,REGION,EBS_SHELF,1,200,Standard,EBS Standard Region: All Strata,0,2022,0,0,0,0,0,0,0,0,2026-09-10T08:00:00Z,421 - big skate egg case,0,0,0,0,0
Eastern Bering Sea Crab/Groundfish Bottom Trawl Survey,98,2009,99901,421,356,0,0,0,0,0,0,0,0,0,0,0,big skate egg case,Beringraja binoculata egg case,REGION,EBS_SHELF,1,200,Standard,EBS Standard Region: All Strata,0,2022,0,0,0,0,0,0,0,0,2026-09-10T08:00:00Z,421 - big skate egg case,0,0,0,0,0
Eastern Bering Sea Crab/Groundfish Bottom Trawl Survey,98,2010,99901,421,356,1,1,0,0.024533,6.02e-4,0.276275,0.076328,11.371098,129.301864,128053,16397545890.6308,big skate egg case,Beringraja binoculata egg case,REGION,EBS_SHELF,1,200,Standard,EBS Standard Region: All Strata,0,2022,0,0,0,0,0,0,0,0,2026-09-10T08:00:00Z,421 - big skate egg case,0,0.9999999778595465,11.371097748238734,-10.916253586547917,33.65844958654792
Eastern Bering Sea Crab/Groundfish Bottom Trawl Survey,98,2011,99901,421,356,0,0,0,0,0,0,0,0,0,0,0,big skate egg case,Beringraja binoculata egg case,REGION,EBS_SHELF,1,200,Standard,EBS Standard Region: All Strata,0,2022,0,0,0,0,0,0,0,0,2026-09-10T08:00:00Z,421 - big skate egg case,0,0,0,0,0
Eastern Bering Sea Crab/Groundfish Bottom Trawl Survey,98,2012,99901,421,356,0,0,0,0,0,0,0,0,0,0,0,big skate egg case,Beringraja binoculata egg case,REGION,EBS_SHELF,1,200,Standard,EBS Standard Region: All Strata,0,2022,0,0,0,0,0,0,0,0,2026-09-10T08:00:00Z,421 - big skate egg case,0,0,0,0,0
Eastern Bering Sea Crab/Groundfish Bottom Trawl Survey,98,2013,99901,421,356,0,0,0,0,0,0,0,0,0,0,0,big skate egg case,Beringraja binoculata egg case,REGION,EBS_SHELF,1,200,Standard,EBS Standard Region: All Strata,0,2022,0,0,0,0,0,0,0,0,2026-09-10T08:00:00Z,421 - big skate egg case,0,0,0,0,0
Eastern Bering Sea Crab/Groundfish Bottom Trawl Survey,98,2014,99901,421,356,0,0,0,0,0,0,0,0,0,0,0,big skate egg case,Beringraja binoculata egg case,REGION,EBS_SHELF,1,200,Standard,EBS Standard Region: All Strata,0,2022,0,0,0,0,0,0,0,0,2026-09-10T08:00:00Z,421 - big skate egg case,0,0,0,0,0
Eastern Bering Sea Crab/Groundfish Bottom Trawl Survey,98,2015,99901,421,356,0,0,0,0,0,0,0,0,0,0,0,big skate egg case,Beringraja binoculata egg case,REGION,EBS_SHELF,1,200,Standard,EBS Standard Region: All Strata,0,2022,0,0,0,0,0,0,0,0,2026-09-10T08:00:00Z,421 - big skate egg case,0,0,0,0,0
Eastern Bering Sea Crab/Groundfish Bottom Trawl Survey,98,2016,99901,421,356,0,0,0,0,0,0,0,0,0,0,0,big skate egg case,Beringraja binoculata egg case,REGION,EBS_SHELF,1,200,Standard,EBS Standard Region: All Strata,0,2022,0,0,0,0,0,0,0,0,2026-09-10T08:00:00Z,421 - big skate egg case,0,0,0,0,0
Eastern Bering Sea Crab/Groundfish Bottom Trawl Survey,98,2017,99901,421,356,0,0,0,0,0,0,0,0,0,0,0,big skate egg case,Beringraja binoculata egg case,REGION,EBS_SHELF,1,200,Standard,EBS Standard Region: All Strata,0,2022,0,0,0,0,0,0,0,0,2026-09-10T08:00:00Z,421 - big skate egg case,0,0,0,0,0
Eastern Bering Sea Crab/Groundfish Bottom Trawl Survey,98,2018,99901,421,356,0,0,0,0,0,0,0,0,0,0,0,big skate egg case,Beringraja binoculata egg case,REGION,EBS_SHELF,1,200,Standard,EBS Standard Region: All Strata,0,2022,0,0,0,0,0,0,0,0,2026-09-10T08:00:00Z,421 - big skate egg case,0,0,0,0,0
Eastern Bering Sea Crab/Groundfish Bottom Trawl Survey,98,2019,99901,421,356,0,0,0,0,0,0,0,0,0,0,0,big skate egg case,Beringraja binoculata egg case,REGION,EBS_SHELF,1,200,Standard,EBS Standard Region: All Strata,0,2022,0,0,0,0,0,0,0,0,2026-09-10T08:00:00Z,421 - big skate egg case,0,0,0,0,0
Eastern Bering Sea Crab/Groundfish Bottom Trawl Survey,98,2021,99901,421,356,0,0,0,0,0,0,0,0,0,0,0,big skate egg case,Beringraja binoculata egg case,REGION,EBS_SHELF,1,200,Standard,EBS Standard Region: All Strata,0,2022,0,0,0,0,0,0,0,0,2026-09-10T08:00:00Z,421 - big skate egg case,0,0,0,0,0
Eastern Bering Sea Crab/Groundfish Bottom Trawl Survey,98,2022,99901,421,356,1,1,0,0.078765,0.006204,0.493159,0.243206,36.507176,1332.773935,228578,52247914932.2148,big skate egg case,Beringraja binoculata egg case,REGION,EBS_SHELF,1,200,Standard,EBS Standard Region: All Strata,0,2022,0,0,0,0,0,0,0,0,2026-09-10T08:00:00Z,421 - big skate egg case,0,1.0000000133199727,36.50717648627459,-35.046889913098184,108.06124191309819
Eastern Bering Sea Crab/Groundfish Bottom Trawl Survey,98,2025,99901,421,330,0,0,0,0,0,0,0,0,0,0,0,big skate egg case,Beringraja binoculata egg case,REGION,EBS_SHELF,1,200,Standard,EBS Standard Region: All Strata,0,2022,0,0,0,0,0,0,0,0,2026-09-10T08:00:00Z,421 - big skate egg case,0,0,0,0,0
Eastern Bering Sea Crab/Groundfish Bottom Trawl Survey,98,2023,99901,421,356,0,0,0,0,0,0,0,0,0,0,0,big skate egg case,Beringraja binoculata egg case,REGION,EBS_SHELF,1,200,Standard,EBS Standard Region: All Strata,0,2022,0,0,0,0,0,0,0,0,2026-09-10T08:00:00Z,421 - big skate egg case,0,0,0,0,0
Eastern Bering Sea Crab/Groundfish Bottom Trawl Survey,98,2024,99901,421,330,0,0,0,0,0,0,0,0,0,0,0,big skate egg case,Beringraja binoculata egg case,REGION,EBS_SHELF,1,200,Standard,EBS Standard Region: All Strata,0,2022,0,0,0,0,0,0,0,0,2026-09-10T08:00:00Z,421 - big skate egg case,0,0,0,0,0
Eastern Bering Sea Crab/Groundfish Bottom Trawl Survey,98,2026,99901,421,330,0,0,0,0,0,0,0,0,0,0,0,big skate egg case,Beringraja binoculata egg case,REGION,EBS_SHELF,1,200,Standard,EBS Standard Region: All Strata,0,2022,0,0,0,0,0,0,0,0,2026-09-10T08:00:00Z,421 - big skate egg case,0,0,0,0,0
Eastern Bering Sea Crab/Groundfish Bottom Trawl Survey,98,1999,99901,474,353,0,0,0,0,0,0,0,0,0,0,0,Alaska skate egg case,Arctoraja parmifera egg case,REGION,EBS_SHELF,1,200,Standard,EBS Standard Region: All Strata,0,2022,0,0,0,0,0,0,0,0,2026-09-10T08:00:00Z,474 - Alaska skate egg case,0,0,0,0,0
Eastern Bering Sea Crab/Groundfish Bottom Trawl Survey,98,2000,99901,474,352,0,0,0,0,0,0,0,0,0,0,0,Alaska skate egg case,Arctoraja parmifera egg case,REGION,EBS_SHELF,1,200,Standard,EBS Standard Region: All Strata,0,2022,0,0,0,0,0,0,0,0,2026-09-10T08:00:00Z,474 - Alaska skate egg case,0,0,0,0,0
Eastern Bering Sea Crab/Groundfish Bottom Trawl Survey,98,2001,99901,474,355,0,0,0,0,0,0,0,0,0,0,0,Alaska skate egg case,Arctoraja parmifera egg case,REGION,EBS_SHELF,1,200,Standard,EBS Standard Region: All Strata,0,2022,0,0,0,0,0,0,0,0,2026-09-10T08:00:00Z,474 - Alaska skate egg case,0,0,0,0,0
Eastern Bering Sea Crab/Groundfish Bottom Trawl Survey,98,2002,99901,474,355,0,0,0,0,0,0,0,0,0,0,0,Alaska skate egg case,Arctoraja parmifera egg case,REGION,EBS_SHELF,1,200,Standard,EBS Standard Region: All Strata,0,2022,0,0,0,0,0,0,0,0,2026-09-10T08:00:00Z,474 - Alaska skate egg case,0,0,0,0,0
Eastern Bering Sea Crab/Groundfish Bottom Trawl Survey,98,2003,99901,474,356,0,0,0,0,0,0,0,0,0,0,0,Alaska skate egg case,Arctoraja parmifera egg case,REGION,EBS_SHELF,1,200,Standard,EBS Standard Region: All Strata,0,2022,0,0,0,0,0,0,0,0,2026-09-10T08:00:00Z,474 - Alaska skate egg case,0,0,0,0,0
Eastern Bering Sea Crab/Groundfish Bottom Trawl Survey,98,2004,99901,474,355,0,0,0,0,0,0,0,0,0,0,0,Alaska skate egg case,Arctoraja parmifera egg case,REGION,EBS_SHELF,1,200,Standard,EBS Standard Region: All Strata,0,2022,0,0,0,0,0,0,0,0,2026-09-10T08:00:00Z,474 - Alaska skate egg case,0,0,0,0,0
Eastern Bering Sea Crab/Groundfish Bottom Trawl Survey,98,2005,99901,474,353,5,5,0,0.16511,0.007197,5.019857,5.970373,76.527924,1546.202047,2326690,1282613341153.76,Alaska skate egg case,Arctoraja parmifera egg case,REGION,EBS_SHELF,1,200,Standard,EBS Standard Region: All Strata,0,2022,0,0,0,0,0,0,0,0,2026-09-10T08:00:00Z,474 - Alaska skate egg case,0,0.5138225850160206,39.32177573558956,-0.542756441755543,153.59860444175553
Eastern Bering Sea Crab/Groundfish Bottom Trawl Survey,98,2006,99901,474,356,15,15,0,0.10187,0.001583,1.953264,0.327724,47.216612,340.091484,905332,70404927593.93271,Alaska skate egg case,Arctoraja parmifera egg case,REGION,EBS_SHELF,1,200,Standard,EBS Standard Region: All Strata,0,2022,0,0,0,0,0,0,0,0,2026-09-10T08:00:00Z,474 - Alaska skate egg case,0,0.3905737551857215,18.4415694559872,11.071135866265088,83.36208813373491
Eastern Bering Sea Crab/Groundfish Bottom Trawl Survey,98,2007,99901,474,356,8,8,0,0.017118,4.3e-5,0.482115,0.029308,7.934309,9.194121,223459,6296209836.21401,Alaska skate egg case,Arctoraja parmifera egg case,REGION,EBS_SHELF,1,200,Standard,EBS Standard Region: All Strata,0,2022,0,0,0,0,0,0,0,0,2026-09-10T08:00:00Z,474 - Alaska skate egg case,0,0.38216067691559047,3.0321808982974616,1.9912344393369752,13.877383560663024
Eastern Bering Sea Crab/Groundfish Bottom Trawl Survey,98,2008,99901,474,355,20,20,0,0.074441,3.66e-4,2.001353,0.244709,34.503206,78.610805,927621,52570729235.2286,Alaska skate egg case,Arctoraja parmifera egg case,REGION,EBS_SHELF,1,200,Standard,EBS Standard Region: All Strata,0,2022,0,0,0,0,0,0,0,0,2026-09-10T08:00:00Z,474 - Alaska skate egg case,0,0.2569695539653161,8.866273456193419,17.125310025860898,51.8811019741391
Eastern Bering Sea Crab/Groundfish Bottom Trawl Survey,98,2009,99901,474,356,14,14,0,0.078003,9.96e-4,1.879071,0.291544,36.153984,213.948431,870944,62632279421.4008,Alaska skate egg case,Arctoraja parmifera egg case,REGION,EBS_SHELF,1,200,Standard,EBS Standard Region: All Strata,0,2022,0,0,0,0,0,0,0,0,2026-09-10T08:00:00Z,474 - Alaska skate egg case,0,0.404574393239638,14.62697613999558,7.485110765608663,64.82285723439134
Eastern Bering Sea Crab/Groundfish Bottom Trawl Survey,98,2010,99901,474,356,16,16,0,0.07216,5.92e-4,1.273748,0.106257,33.445842,127.121014,590379,22827133592.1104,Alaska skate egg case,Arctoraja parmifera egg case,REGION,EBS_SHELF,1,200,Standard,EBS Standard Region: All Strata,0,2022,0,0,0,0,0,0,0,0,2026-09-10T08:00:00Z,474 - Alaska skate egg case,0,0.3371060450267658,11.274795519210093,11.347242782348218,55.54444121765178
Eastern Bering Sea Crab/Groundfish Bottom Trawl Survey,98,2011,99901,474,356,21,21,0,0.125597,0.001987,3.195237,1.681069,58.213825,426.797703,1480983,361143486139.1699,Alaska skate egg case,Arctoraja parmifera egg case,REGION,EBS_SHELF,1,200,Standard,EBS Standard Region: All Strata,0,2022,0,0,0,0,0,0,0,0,2026-09-10T08:00:00Z,474 - Alaska skate egg case,0,0.35488275887867715,20.659082820880506,17.722022671074207,98.7056273289258
Eastern Bering Sea Crab/Groundfish Bottom Trawl Survey,98,2012,99901,474,356,7,7,0,0.02716,1.27e-4,0.970464,0.194582,12.588401,27.208004,449807,41801888422.7935,Alaska skate egg case,Arctoraja parmifera egg case,REGION,EBS_SHELF,1,200,Standard,EBS Standard Region: All Strata,0,2022,0,0,0,0,0,0,0,0,2026-09-10T08:00:00Z,474 - Alaska skate egg case,0,0.4143599505760003,5.216129216190872,2.3647877362658907,22.812014263734106
Eastern Bering Sea Crab/Groundfish Bottom Trawl Survey,98,2013,99901,474,356,14,14,0,0.082649,0.001318,2.332905,1.516619,38.3076,283.074317,1081295,325814788760.9929,Alaska skate egg case,Arctoraja parmifera egg case,REGION,EBS_SHELF,1,200,Standard,EBS Standard Region: All Strata,0,2022,0,0,0,0,0,0,0,0,2026-09-10T08:00:00Z,474 - Alaska skate egg case,0,0.43920299209079905,16.824812539817493,5.330967421957716,71.28423257804229
Eastern Bering Sea Crab/Groundfish Bottom Trawl Survey,98,2014,99901,474,356,11,11,0,0.139225,0.003505,1.998985,0.504741,64.53045,752.987536,926524,108433309108.093,Alaska skate egg case,Arctoraja parmifera egg case,REGION,EBS_SHELF,1,200,Standard,EBS Standard Region: All Strata,0,2022,0,0,0,0,0,0,0,0,2026-09-10T08:00:00Z,474 - Alaska skate egg case,0,0.42523519300391616,27.440618360379563,10.74683801365606,118.31406198634394
Eastern Bering Sea Crab/Groundfish Bottom Trawl Survey,98,2015,99901,474,356,14,14,0,0.081356,8.07e-4,1.248103,0.130499,37.708111,173.449248,578492,28035026651.2808,Alaska skate egg case,Arctoraja parmifera egg case,REGION,EBS_SHELF,1,200,Standard,EBS Standard Region: All Strata,0,2022,0,0,0,0,0,0,0,0,2026-09-10T08:00:00Z,474 - Alaska skate egg case,0,0.34926207817300836,13.170013211838477,11.89488510479659,63.52133689520342
Eastern Bering Sea Crab/Groundfish Bottom Trawl Survey,98,2016,99901,474,356,22,21,0,0.217476,0.006563,3.728891,1.034641,100.799409,1409.995252,1728331,222271710474.944,Alaska skate egg case,Arctoraja parmifera egg case,REGION,EBS_SHELF,1,200,Standard,EBS Standard Region: All Strata,0,2022,0,0,0,0,0,0,0,0,2026-09-10T08:00:00Z,474 - Alaska skate egg case,0,0.3725210679415564,37.54990348855773,27.201598162426848,174.39721983757315
Eastern Bering Sea Crab/Groundfish Bottom Trawl Survey,98,2017,99901,474,356,18,18,0,0.146782,0.003012,2.553883,0.420586,68.033105,647.098162,1183718,90354271772.4373,Alaska skate egg case,Arctoraja parmifera egg case,REGION,EBS_SHELF,1,200,Standard,EBS Standard Region: All Strata,0,2022,0,0,0,0,0,0,0,0,2026-09-10T08:00:00Z,474 - Alaska skate egg case,0,0.37390802880433127,25.438124183988094,18.174381599383345,117.89182840061667
Eastern Bering Sea Crab/Groundfish Bottom Trawl Survey,98,2018,99901,474,356,46,46,0,0.250279,0.002615,6.658514,2.578941,116.003445,561.726363,3086203,554033198711.073,Alaska skate egg case,Arctoraja parmifera egg case,REGION,EBS_SHELF,1,200,Standard,EBS Standard Region: All Strata,0,2022,0,0,0,0,0,0,0,0,2026-09-10T08:00:00Z,474 - Alaska skate egg case,0,0.20431089041780665,23.70076713948306,69.54994140661321,162.45694859338678
Eastern Bering Sea Crab/Groundfish Bottom Trawl Survey,98,2019,99901,474,356,33,33,0,0.228539,0.00539,5.546818,5.307563,105.92704,1158.035779,2570935,1140222085676.76,Alaska skate egg case,Arctoraja parmifera egg case,REGION,EBS_SHELF,1,200,Standard,EBS Standard Region: All Strata,0,2022,0,0,0,0,0,0,0,0,2026-09-10T08:00:00Z,474 - Alaska skate egg case,0,0.32125814860382834,34.02992475748367,39.22838747533201,172.625692524668
Eastern Bering Sea Crab/Groundfish Bottom Trawl Survey,98,2021,99901,474,356,35,35,0,0.240636,0.003412,7.649497,4.897221,111.533991,733.097789,3545521,1052068434252.11,Alaska skate egg case,Arctoraja parmifera egg case,REGION,EBS_SHELF,1,200,Standard,EBS Standard Region: All Strata,0,2022,0,0,0,0,0,0,0,0,2026-09-10T08:00:00Z,474 - Alaska skate egg case,0,0.2427580901386068,27.07577864069656,58.46546486423475,164.60251713576525
Eastern Bering Sea Crab/Groundfish Bottom Trawl Survey,98,2022,99901,474,356,32,31,0,0.558035,0.066191,16.775877,70.755469,258.647572,14219.848957,7775573,15200375670777.5,Alaska skate egg case,Arctoraja parmifera egg case,REGION,EBS_SHELF,1,200,Standard,EBS Standard Region: All Strata,0,2022,0,0,0,0,0,0,0,0,2026-09-10T08:00:00Z,474 - Alaska skate egg case,0,0.4610405086962118,119.24700816792009,24.92343599087667,492.3717080091234
Eastern Bering Sea Crab/Groundfish Bottom Trawl Survey,98,2023,99901,474,356,37,36,0,1.452791,0.79872,88.727082,3316.094575,673.364686,171588.714153,41124758,712395577476473,Alaska skate egg case,Arctoraja parmifera egg case,REGION,EBS_SHELF,1,200,Standard,EBS Standard Region: All Strata,0,2022,0,0,0,0,0,0,0,0,2026-09-10T08:00:00Z,474 - Alaska skate egg case,0,0.6151684069373397,414.23268117448197,-138.53136910198464,1485.2607411019846
Eastern Bering Sea Crab/Groundfish Bottom Trawl Survey,98,2025,99901,474,330,43,42,0,13.499653,159.306097,141.300041,13225.009108,6257.051691,34223679.77693,65492179,2841124638788332,Alaska skate egg case,Arctoraja parmifera egg case,REGION,EBS_SHELF,1,200,Standard,EBS Standard Region: All Strata,0,2022,0,0,0,0,0,0,0,0,2026-09-10T08:00:00Z,474 - Alaska skate egg case,0,0.9349612443158595,5850.100834766013,-5209.145945141386,17723.249327141384
Eastern Bering Sea Crab/Groundfish Bottom Trawl Survey,98,2024,99901,474,330,41,39,0,0.347614,0.008525,11.24367,22.591022,161.117918,1831.500966,5211410,4853222371871.5,Alaska skate egg case,Arctoraja parmifera egg case,REGION,EBS_SHELF,1,200,Standard,EBS Standard Region: All Strata,0,2022,0,0,0,0,0,0,0,0,2026-09-10T08:00:00Z,474 - Alaska skate egg case,0,0.26561936543366943,42.79603913915399,77.23768128725818,244.99815471274184
Eastern Bering Sea Crab/Groundfish Bottom Trawl Survey,98,2026,99901,474,330,25,24,0,3.112671,3.184616,113.541179,4578.988077,1442.714403,684150.045392,52626023,983702600243109,Alaska skate egg case,Arctoraja parmifera egg case,REGION,EBS_SHELF,1,200,Standard,EBS Standard Region: All Strata,0,2022,0,0,0,0,0,0,0,0,2026-09-10T08:00:00Z,474 - Alaska skate egg case,0,0.5733176506763008,827.1336321248218,-178.46751596465083,3063.8963219646507
Eastern Bering Sea Crab/Groundfish Bottom Trawl Survey,98,1999,99901,436,353,0,0,0,0,0,0,0,0,0,0,0,Bering skate egg case,Bathyraja interrupta egg case,REGION,EBS_SHELF,1,200,Standard,EBS Standard Region: All Strata,0,2022,0,0,0,0,0,0,0,0,2026-09-10T08:00:00Z,436 - Bering skate egg case,0,0,0,0,0
Eastern Bering Sea Crab/Groundfish Bottom Trawl Survey,98,2000,99901,436,352,0,0,0,0,0,0,0,0,0,0,0,Bering skate egg case,Bathyraja interrupta egg case,REGION,EBS_SHELF,1,200,Standard,EBS Standard Region: All Strata,0,2022,0,0,0,0,0,0,0,0,2026-09-10T08:00:00Z,436 - Bering skate egg case,0,0,0,0,0
Eastern Bering Sea Crab/Groundfish Bottom Trawl Survey,98,2001,99901,436,355,0,0,0,0,0,0,0,0,0,0,0,Bering skate egg case,Bathyraja interrupta egg case,REGION,EBS_SHELF,1,200,Standard,EBS Standard Region: All Strata,0,2022,0,0,0,0,0,0,0,0,2026-09-10T08:00:00Z,436 - Bering skate egg case,0,0,0,0,0
Eastern Bering Sea Crab/Groundfish Bottom Trawl Survey,98,2002,99901,436,355,0,0,0,0,0,0,0,0,0,0,0,Bering skate egg case,Bathyraja interrupta egg case,REGION,EBS_SHELF,1,200,Standard,EBS Standard Region: All Strata,0,2022,0,0,0,0,0,0,0,0,2026-09-10T08:00:00Z,436 - Bering skate egg case,0,0,0,0,0
Eastern Bering Sea Crab/Groundfish Bottom Trawl Survey,98,2003,99901,436,356,0,0,0,0,0,0,0,0,0,0,0,Bering skate egg case,Bathyraja interrupta egg case,REGION,EBS_SHELF,1,200,Standard,EBS Standard Region: All Strata,0,2022,0,0,0,0,0,0,0,0,2026-09-10T08:00:00Z,436 - Bering skate egg case,0,0,0,0,0
Eastern Bering Sea Crab/Groundfish Bottom Trawl Survey,98,2004,99901,436,355,0,0,0,0,0,0,0,0,0,0,0,Bering skate egg case,Bathyraja interrupta egg case,REGION,EBS_SHELF,1,200,Standard,EBS Standard Region: All Strata,0,2022,0,0,0,0,0,0,0,0,2026-09-10T08:00:00Z,436 - Bering skate egg case,0,0,0,0,0
Eastern Bering Sea Crab/Groundfish Bottom Trawl Survey,98,2005,99901,436,353,3,3,0,0.019613,3.19e-4,0.446553,0.103211,9.090473,68.598658,206976,22172682358.3961,Bering skate egg case,Bathyraja interrupta egg case,REGION,EBS_SHELF,1,200,Standard,EBS Standard Region: All Strata,0,2022,0,0,0,0,0,0,0,0,2026-09-10T08:00:00Z,436 - Bering skate egg case,0,0.9111110810043784,8.282430681871114,-7.143091136467383,25.324037136467382
Eastern Bering Sea Crab/Groundfish Bottom Trawl Survey,98,2006,99901,436,356,10,10,0,0.600745,0.118127,19.206306,114.700411,278.443766,25377.132198,8902070,24641054010217.8,Bering skate egg case,Bathyraja interrupta egg case,REGION,EBS_SHELF,1,200,Standard,EBS Standard Region: All Strata,0,2022,0,0,0,0,0,0,0,0,2026-09-10T08:00:00Z,436 - Bering skate egg case,0,0.5721155763804381,159.30201567462981,-33.78818472227442,590.6757167222744
Eastern Bering Sea Crab/Groundfish Bottom Trawl Survey,98,2007,99901,436,356,8,8,0,0.356826,0.06797,14.277854,95.387507,165.387869,14602.067709,6617746,20492068819910.69,Bering skate egg case,Bathyraja interrupta egg case,REGION,EBS_SHELF,1,200,Standard,EBS Standard Region: All Strata,0,2022,0,0,0,0,0,0,0,0,2026-09-10T08:00:00Z,436 - Bering skate egg case,0,0.7306401394756873,120.8390156737467,-71.45660172054355,402.23233972054356
Eastern Bering Sea Crab/Groundfish Bottom Trawl Survey,98,2008,99901,436,355,2,2,0,0.01497,1.08e-4,0.855769,0.474203,6.938784,23.302637,396647,101872960851.255,Bering skate egg case,Bathyraja interrupta egg case,REGION,EBS_SHELF,1,200,Standard,EBS Standard Region: All Strata,0,2022,0,0,0,0,0,0,0,0,2026-09-10T08:00:00Z,436 - Bering skate egg case,0,0.6956954557657496,4.827280497340092,-2.522685774786579,16.400253774786577
Eastern Bering Sea Crab/Groundfish Bottom Trawl Survey,98,2009,99901,436,356,10,10,0,0.622235,0.143463,21.177891,231.162387,288.404165,30820.18217,9815894,49660544537802.5,Bering skate egg case,Bathyraja interrupta egg case,REGION,EBS_SHELF,1,200,Standard,EBS Standard Region: All Strata,0,2022,0,0,0,0,0,0,0,0,2026-09-10T08:00:00Z,436 - Bering skate egg case,0,0.6087178998430557,175.5567776247901,-55.68711914458862,632.4954491445885
Eastern Bering Sea Crab/Groundfish Bottom Trawl Survey,98,2010,99901,436,356,9,9,0,0.455257,0.046582,15.817191,64.540028,211.010322,10007.128996,7331225,13865114271804.1,Bering skate egg case,Bathyraja interrupta egg case,REGION,EBS_SHELF,1,200,Standard,EBS Standard Region: All Strata,0,2022,0,0,0,0,0,0,0,0,2026-09-10T08:00:00Z,436 - Bering skate egg case,0,0.4740793610534392,100.03563862944046,14.940470286296716,407.0801737137033
Eastern Bering Sea Crab/Groundfish Bottom Trawl Survey,98,2011,99901,436,356,5,5,0,0.014921,5.7e-5,0.721674,0.128345,6.915883,12.288346,334494,27572386070.2102,Bering skate egg case,Bathyraja interrupta egg case,REGION,EBS_SHELF,1,200,Standard,EBS Standard Region: All Strata,0,2022,0,0,0,0,0,0,0,0,2026-09-10T08:00:00Z,436 - Bering skate egg case,0,0.5068729068681856,3.505473719770268,0.04515450925027498,13.786611490749724
Eastern Bering Sea Crab/Groundfish Bottom Trawl Survey,98,2012,99901,436,356,5,5,0,0.020128,1e-4,0.795197,0.141247,9.32935,21.454169,368571,30344108297.1987,Bering skate egg case,Bathyraja interrupta egg case,REGION,EBS_SHELF,1,200,Standard,EBS Standard Region: All Strata,0,2022,0,0,0,0,0,0,0,0,2026-09-10T08:00:00Z,436 - Bering skate egg case,0,0.4964830912528607,4.631864527379876,0.25089552633544265,18.407804473664555
Eastern Bering Sea Crab/Groundfish Bottom Trawl Survey,98,2013,99901,436,356,5,5,0,0.230418,0.031955,6.743912,28.369124,106.798305,6864.861344,3125784,6094530172561.85,Bering skate egg case,Bathyraja interrupta egg case,REGION,EBS_SHELF,1,200,Standard,EBS Standard Region: All Strata,0,2022,0,0,0,0,0,0,0,0,2026-09-10T08:00:00Z,436 - Bering skate egg case,0,0.7758031253940582,82.85445880578787,-55.59643425934422,269.1930442593442
Eastern Bering Sea Crab/Groundfish Bottom Trawl Survey,98,2014,99901,436,356,5,5,0,0.118937,0.005638,3.794643,6.653109,55.126816,1211.173831,1758807,1429285435263.04,Bering skate egg case,Bathyraja interrupta egg case,REGION,EBS_SHELF,1,200,Standard,EBS Standard Region: All Strata,0,2022,0,0,0,0,0,0,0,0,2026-09-10T08:00:00Z,436 - Bering skate egg case,0,0.6313066005131687,34.801922806074955,-13.084952699906914,123.3385846999069
Eastern Bering Sea Crab/Groundfish Bottom Trawl Survey,98,2015,99901,436,356,9,9,0,0.109925,0.002654,3.395887,2.220913,50.94999,570.108386,1573984,477117991640.4689,Bering skate egg case,Bathyraja interrupta egg case,REGION,EBS_SHELF,1,200,Standard,EBS Standard Region: All Strata,0,2022,0,0,0,0,0,0,0,0,2026-09-10T08:00:00Z,436 - Bering skate egg case,0,0.468634882160261,23.876942559716476,4.151182582955705,97.7487974170443
Eastern Bering Sea Crab/Groundfish Bottom Trawl Survey,98,2016,99901,436,356,17,17,0,0.299427,0.015413,11.790628,26.167112,138.783516,3311.253511,5464923,5621472697248.1,Bering skate egg case,Bathyraja interrupta egg case,REGION,EBS_SHELF,1,200,Standard,EBS Standard Region: All Strata,0,2022,0,0,0,0,0,0,0,0,2026-09-10T08:00:00Z,436 - Bering skate egg case,0,0.41462771661404585,57.54349234274889,25.99827100821217,251.56876099178783
Eastern Bering Sea Crab/Groundfish Bottom Trawl Survey,98,2017,99901,436,356,8,8,0,0.305547,0.03783,11.836755,58.205569,141.620158,8126.934252,5486303,12504284485441.9,Bering skate egg case,Bathyraja interrupta egg case,REGION,EBS_SHELF,1,200,Standard,EBS Standard Region: All Strata,0,2022,0,0,0,0,0,0,0,0,2026-09-10T08:00:00Z,436 - Bering skate egg case,0,0.6365584661172046,90.14951054775617,-35.07288267360207,318.3131986736021
Eastern Bering Sea Crab/Groundfish Bottom Trawl Survey,98,2018,99901,436,356,24,24,0,0.332799,0.018116,13.383926,27.666669,154.251564,3891.820047,6203413,5943622092025.72,Bering skate egg case,Bathyraja interrupta egg case,REGION,EBS_SHELF,1,200,Standard,EBS Standard Region: All Strata,0,2022,0,0,0,0,0,0,0,0,2026-09-10T08:00:00Z,436 - Bering skate egg case,0,0.40443319957635404,62.384453568176745,31.978035006373588,276.5250929936264
Eastern Bering Sea Crab/Groundfish Bottom Trawl Survey,98,2019,99901,436,356,15,15,0,0.135405,0.00275,4.173032,2.338395,62.759928,590.705568,1934189,502356658009.809,Bering skate egg case,Bathyraja interrupta egg case,REGION,EBS_SHELF,1,200,Standard,EBS Standard Region: All Strata,0,2022,0,0,0,0,0,0,0,0,2026-09-10T08:00:00Z,436 - Bering skate egg case,0,0.3872604052511256,24.304435150811464,15.123235104409531,110.39662089559047
Eastern Bering Sea Crab/Groundfish Bottom Trawl Survey,98,2021,99901,436,356,17,17,0,0.228614,0.02284,6.500231,8.612509,105.962107,4906.73971,3012839,1850222765904.9,Bering skate egg case,Bathyraja interrupta egg case,REGION,EBS_SHELF,1,200,Standard,EBS Standard Region: All Strata,0,2022,0,0,0,0,0,0,0,0,2026-09-10T08:00:00Z,436 - Bering skate egg case,0,0.6610676800081541,70.04812424326579,-31.33221651680094,243.25643051680095
Eastern Bering Sea Crab/Groundfish Bottom Trawl Survey,98,2022,99901,436,356,19,19,0,0.538924,0.136269,14.362614,50.470651,249.789611,29274.525702,6657032,10842594377677.9,Bering skate egg case,Bathyraja interrupta egg case,REGION,EBS_SHELF,1,200,Standard,EBS Standard Region: All Strata,0,2022,0,0,0,0,0,0,0,0,2026-09-10T08:00:00Z,436 - Bering skate egg case,0,0.6849684404464106,171.09800028638557,-85.56246956131568,585.1416915613157
Eastern Bering Sea Crab/Groundfish Bottom Trawl Survey,98,2025,99901,436,330,12,12,0,0.416681,0.057916,17.970802,159.14834,193.130651,12442.130981,8329417,34189788969801.1,Bering skate egg case,Bathyraja interrupta egg case,REGION,EBS_SHELF,1,200,Standard,EBS Standard Region: All Strata,0,2022,0,0,0,0,0,0,0,0,2026-09-10T08:00:00Z,436 - Bering skate egg case,0,0.5775587663256202,111.54430053122391,-25.496178041198874,411.75748004119885
Eastern Bering Sea Crab/Groundfish Bottom Trawl Survey,98,2023,99901,436,356,11,11,0,0.040592,2.43e-4,2.587091,0.927582,18.814221,52.170282,1199109,199272122492.66,Bering skate egg case,Bathyraja interrupta egg case,REGION,EBS_SHELF,1,200,Standard,EBS Standard Region: All Strata,0,2022,0,0,0,0,0,0,0,0,2026-09-10T08:00:00Z,436 - Bering skate egg case,0,0.38390639895053325,7.2228998331695005,4.657337326987779,32.97110467301222
Eastern Bering Sea Crab/Groundfish Bottom Trawl Survey,98,2024,99901,436,330,14,14,0,0.72751999999999994,0.3058,13.339394,36.076757,337.203702,65694.819336,6182772,7750358640620.34,Bering skate egg case,Bathyraja interrupta egg case,REGION,EBS_SHELF,1,200,Standard,EBS Standard Region: All Strata,0,2022,0,0,0,0,0,0,0,0,2026-09-10T08:00:00Z,436 - Bering skate egg case,0,0.7601043665667353,256.3100063126682,-165.1639103728296,839.5713143728296
Eastern Bering Sea Crab/Groundfish Bottom Trawl Survey,98,2026,99901,436,330,9,9,0,0.060283,5.46e-4,3.504849,1.642034,27.940887,117.240764,1624488,352757608755.184,Bering skate egg case,Bathyraja interrupta egg case,REGION,EBS_SHELF,1,200,Standard,EBS Standard Region: All Strata,0,2022,0,0,0,0,0,0,0,0,2026-09-10T08:00:00Z,436 - Bering skate egg case,0,0.38752447002131785,10.82777742660053,6.718443243862961,49.16333075613704
Eastern Bering Sea Crab/Groundfish Bottom Trawl Survey,98,1999,99901,456,353,0,0,0,0,0,0,0,0,0,0,0,mud skate egg case,Bathyraja taranetzi egg case,REGION,EBS_SHELF,1,200,Standard,EBS Standard Region: All Strata,0,2022,0,0,0,0,0,0,0,0,2026-09-10T08:00:00Z,456 - mud skate egg case,0,0,0,0,0
Eastern Bering Sea Crab/Groundfish Bottom Trawl Survey,98,2000,99901,456,352,0,0,0,0,0,0,0,0,0,0,0,mud skate egg case,Bathyraja taranetzi egg case,REGION,EBS_SHELF,1,200,Standard,EBS Standard Region: All Strata,0,2022,0,0,0,0,0,0,0,0,2026-09-10T08:00:00Z,456 - mud skate egg case,0,0,0,0,0
Eastern Bering Sea Crab/Groundfish Bottom Trawl Survey,98,2001,99901,456,355,0,0,0,0,0,0,0,0,0,0,0,mud skate egg case,Bathyraja taranetzi egg case,REGION,EBS_SHELF,1,200,Standard,EBS Standard Region: All Strata,0,2022,0,0,0,0,0,0,0,0,2026-09-10T08:00:00Z,456 - mud skate egg case,0,0,0,0,0
Eastern Bering Sea Crab/Groundfish Bottom Trawl Survey,98,2002,99901,456,355,0,0,0,0,0,0,0,0,0,0,0,mud skate egg case,Bathyraja taranetzi egg case,REGION,EBS_SHELF,1,200,Standard,EBS Standard Region: All Strata,0,2022,0,0,0,0,0,0,0,0,2026-09-10T08:00:00Z,456 - mud skate egg case,0,0,0,0,0
Eastern Bering Sea Crab/Groundfish Bottom Trawl Survey,98,2003,99901,456,356,0,0,0,0,0,0,0,0,0,0,0,mud skate egg case,Bathyraja taranetzi egg case,REGION,EBS_SHELF,1,200,Standard,EBS Standard Region: All Strata,0,2022,0,0,0,0,0,0,0,0,2026-09-10T08:00:00Z,456 - mud skate egg case,0,0,0,0,0
Eastern Bering Sea Crab/Groundfish Bottom Trawl Survey,98,2004,99901,456,355,0,0,0,0,0,0,0,0,0,0,0,mud skate egg case,Bathyraja taranetzi egg case,REGION,EBS_SHELF,1,200,Standard,EBS Standard Region: All Strata,0,2022,0,0,0,0,0,0,0,0,2026-09-10T08:00:00Z,456 - mud skate egg case,0,0,0,0,0
Eastern Bering Sea Crab/Groundfish Bottom Trawl Survey,98,2005,99901,456,353,0,0,0,0,0,0,0,0,0,0,0,mud skate egg case,Bathyraja taranetzi egg case,REGION,EBS_SHELF,1,200,Standard,EBS Standard Region: All Strata,0,2022,0,0,0,0,0,0,0,0,2026-09-10T08:00:00Z,456 - mud skate egg case,0,0,0,0,0
Eastern Bering Sea Crab/Groundfish Bottom Trawl Survey,98,2006,99901,456,356,0,0,0,0,0,0,0,0,0,0,0,mud skate egg case,Bathyraja taranetzi egg case,REGION,EBS_SHELF,1,200,Standard,EBS Standard Region: All Strata,0,2022,0,0,0,0,0,0,0,0,2026-09-10T08:00:00Z,456 - mud skate egg case,0,0,0,0,0
Eastern Bering Sea Crab/Groundfish Bottom Trawl Survey,98,2007,99901,456,356,0,0,0,0,0,0,0,0,0,0,0,mud skate egg case,Bathyraja taranetzi egg case,REGION,EBS_SHELF,1,200,Standard,EBS Standard Region: All Strata,0,2022,0,0,0,0,0,0,0,0,2026-09-10T08:00:00Z,456 - mud skate egg case,0,0,0,0,0
Eastern Bering Sea Crab/Groundfish Bottom Trawl Survey,98,2008,99901,456,355,0,0,0,0,0,0,0,0,0,0,0,mud skate egg case,Bathyraja taranetzi egg case,REGION,EBS_SHELF,1,200,Standard,EBS Standard Region: All Strata,0,2022,0,0,0,0,0,0,0,0,2026-09-10T08:00:00Z,456 - mud skate egg case,0,0,0,0,0
Eastern Bering Sea Crab/Groundfish Bottom Trawl Survey,98,2009,99901,456,356,1,1,0,3.01e-4,0,0.075286,0.005668,0.13958,0.019482,34895,1217654786.88216,mud skate egg case,Bathyraja taranetzi egg case,REGION,EBS_SHELF,1,200,Standard,EBS Standard Region: All Strata,0,2022,0,0,0,0,0,0,0,0,2026-09-10T08:00:00Z,456 - mud skate egg case,0,0.9999852071858595,0.13957793521900227,-0.13399275302924443,0.4131527530292445
Eastern Bering Sea Crab/Groundfish Bottom Trawl Survey,98,2010,99901,456,356,0,0,0,0,0,0,0,0,0,0,0,mud skate egg case,Bathyraja taranetzi egg case,REGION,EBS_SHELF,1,200,Standard,EBS Standard Region: All Strata,0,2022,0,0,0,0,0,0,0,0,2026-09-10T08:00:00Z,456 - mud skate egg case,0,0,0,0,0
Eastern Bering Sea Crab/Groundfish Bottom Trawl Survey,98,2011,99901,456,356,0,0,0,0,0,0,0,0,0,0,0,mud skate egg case,Bathyraja taranetzi egg case,REGION,EBS_SHELF,1,200,Standard,EBS Standard Region: All Strata,0,2022,0,0,0,0,0,0,0,0,2026-09-10T08:00:00Z,456 - mud skate egg case,0,0,0,0,0
Eastern Bering Sea Crab/Groundfish Bottom Trawl Survey,98,2012,99901,456,356,0,0,0,0,0,0,0,0,0,0,0,mud skate egg case,Bathyraja taranetzi egg case,REGION,EBS_SHELF,1,200,Standard,EBS Standard Region: All Strata,0,2022,0,0,0,0,0,0,0,0,2026-09-10T08:00:00Z,456 - mud skate egg case,0,0,0,0,0
Eastern Bering Sea Crab/Groundfish Bottom Trawl Survey,98,2013,99901,456,356,0,0,0,0,0,0,0,0,0,0,0,mud skate egg case,Bathyraja taranetzi egg case,REGION,EBS_SHELF,1,200,Standard,EBS Standard Region: All Strata,0,2022,0,0,0,0,0,0,0,0,2026-09-10T08:00:00Z,456 - mud skate egg case,0,0,0,0,0
Eastern Bering Sea Crab/Groundfish Bottom Trawl Survey,98,2014,99901,456,356,0,0,0,0,0,0,0,0,0,0,0,mud skate egg case,Bathyraja taranetzi egg case,REGION,EBS_SHELF,1,200,Standard,EBS Standard Region: All Strata,0,2022,0,0,0,0,0,0,0,0,2026-09-10T08:00:00Z,456 - mud skate egg case,0,0,0,0,0
Eastern Bering Sea Crab/Groundfish Bottom Trawl Survey,98,2015,99901,456,356,2,2,0,0.001843,2e-6,0.204999,0.021927,0.854126,0.366851,95017,4710540514.26491,mud skate egg case,Bathyraja taranetzi egg case,REGION,EBS_SHELF,1,200,Standard,EBS Standard Region: All Strata,0,2022,0,0,0,0,0,0,0,0,2026-09-10T08:00:00Z,456 - mud skate egg case,0,0.7091251875426174,0.6056822599350257,-0.33301122947265027,2.0412632294726505
Eastern Bering Sea Crab/Groundfish Bottom Trawl Survey,98,2016,99901,456,356,0,0,0,0,0,0,0,0,0,0,0,mud skate egg case,Bathyraja taranetzi egg case,REGION,EBS_SHELF,1,200,Standard,EBS Standard Region: All Strata,0,2022,0,0,0,0,0,0,0,0,2026-09-10T08:00:00Z,456 - mud skate egg case,0,0,0,0,0
Eastern Bering Sea Crab/Groundfish Bottom Trawl Survey,98,2017,99901,456,356,0,0,0,0,0,0,0,0,0,0,0,mud skate egg case,Bathyraja taranetzi egg case,REGION,EBS_SHELF,1,200,Standard,EBS Standard Region: All Strata,0,2022,0,0,0,0,0,0,0,0,2026-09-10T08:00:00Z,456 - mud skate egg case,0,0,0,0,0
Eastern Bering Sea Crab/Groundfish Bottom Trawl Survey,98,2018,99901,456,356,1,1,0,0.006136,3.8e-5,0.301791,0.091078,2.844208,8.089522,139879,19566163850.3127,mud skate egg case,Bathyraja taranetzi egg case,REGION,EBS_SHELF,1,200,Standard,EBS Standard Region: All Strata,0,2022,0,0,0,0,0,0,0,0,2026-09-10T08:00:00Z,456 - mud skate egg case,0,1.0000001763229494,2.844208501499143,-2.730440662938321,8.418856662938321
Eastern Bering Sea Crab/Groundfish Bottom Trawl Survey,98,2019,99901,456,356,0,0,0,0,0,0,0,0,0,0,0,mud skate egg case,Bathyraja taranetzi egg case,REGION,EBS_SHELF,1,200,Standard,EBS Standard Region: All Strata,0,2022,0,0,0,0,0,0,0,0,2026-09-10T08:00:00Z,456 - mud skate egg case,0,0,0,0,0
Eastern Bering Sea Crab/Groundfish Bottom Trawl Survey,98,2021,99901,456,356,0,0,0,0,0,0,0,0,0,0,0,mud skate egg case,Bathyraja taranetzi egg case,REGION,EBS_SHELF,1,200,Standard,EBS Standard Region: All Strata,0,2022,0,0,0,0,0,0,0,0,2026-09-10T08:00:00Z,456 - mud skate egg case,0,0,0,0,0
Eastern Bering Sea Crab/Groundfish Bottom Trawl Survey,98,2022,99901,456,356,0,0,0,0,0,0,0,0,0,0,0,mud skate egg case,Bathyraja taranetzi egg case,REGION,EBS_SHELF,1,200,Standard,EBS Standard Region: All Strata,0,2022,0,0,0,0,0,0,0,0,2026-09-10T08:00:00Z,456 - mud skate egg case,0,0,0,0,0
Eastern Bering Sea Crab/Groundfish Bottom Trawl Survey,98,2023,99901,456,356,0,0,0,0,0,0,0,0,0,0,0,mud skate egg case,Bathyraja taranetzi egg case,REGION,EBS_SHELF,1,200,Standard,EBS Standard Region: All Strata,0,2022,0,0,0,0,0,0,0,0,2026-09-10T08:00:00Z,456 - mud skate egg case,0,0,0,0,0
Eastern Bering Sea Crab/Groundfish Bottom Trawl Survey,98,2025,99901,456,330,0,0,0,0,0,0,0,0,0,0,0,mud skate egg case,Bathyraja taranetzi egg case,REGION,EBS_SHELF,1,200,Standard,EBS Standard Region: All Strata,0,2022,0,0,0,0,0,0,0,0,2026-09-10T08:00:00Z,456 - mud skate egg case,0,0,0,0,0
Eastern Bering Sea Crab/Groundfish Bottom Trawl Survey,98,2024,99901,456,330,0,0,0,0,0,0,0,0,0,0,0,mud skate egg case,Bathyraja taranetzi egg case,REGION,EBS_SHELF,1,200,Standard,EBS Standard Region: All Strata,0,2022,0,0,0,0,0,0,0,0,2026-09-10T08:00:00Z,456 - mud skate egg case,0,0,0,0,0
Eastern Bering Sea Crab/Groundfish Bottom Trawl Survey,98,2026,99901,456,330,0,0,0,0,0,0,0,0,0,0,0,mud skate egg case,Bathyraja taranetzi egg case,REGION,EBS_SHELF,1,200,Standard,EBS Standard Region: All Strata,0,2022,0,0,0,0,0,0,0,0,2026-09-10T08:00:00Z,456 - mud skate egg case,0,0,0,0,0
Eastern Bering Sea Crab/Groundfish Bottom Trawl Survey,98,1999,99901,473,353,0,0,0,0,0,0,0,0,0,0,0,Aleutian skate egg case,Bathyraja aleutica egg case,REGION,EBS_SHELF,1,200,Standard,EBS Standard Region: All Strata,0,2022,0,0,0,0,0,0,0,0,2026-09-10T08:00:00Z,473 - Aleutian skate egg case,0,0,0,0,0
Eastern Bering Sea Crab/Groundfish Bottom Trawl Survey,98,2000,99901,473,352,0,0,0,0,0,0,0,0,0,0,0,Aleutian skate egg case,Bathyraja aleutica egg case,REGION,EBS_SHELF,1,200,Standard,EBS Standard Region: All Strata,0,2022,0,0,0,0,0,0,0,0,2026-09-10T08:00:00Z,473 - Aleutian skate egg case,0,0,0,0,0
Eastern Bering Sea Crab/Groundfish Bottom Trawl Survey,98,2001,99901,473,355,0,0,0,0,0,0,0,0,0,0,0,Aleutian skate egg case,Bathyraja aleutica egg case,REGION,EBS_SHELF,1,200,Standard,EBS Standard Region: All Strata,0,2022,0,0,0,0,0,0,0,0,2026-09-10T08:00:00Z,473 - Aleutian skate egg case,0,0,0,0,0
Eastern Bering Sea Crab/Groundfish Bottom Trawl Survey,98,2002,99901,473,355,0,0,0,0,0,0,0,0,0,0,0,Aleutian skate egg case,Bathyraja aleutica egg case,REGION,EBS_SHELF,1,200,Standard,EBS Standard Region: All Strata,0,2022,0,0,0,0,0,0,0,0,2026-09-10T08:00:00Z,473 - Aleutian skate egg case,0,0,0,0,0
Eastern Bering Sea Crab/Groundfish Bottom Trawl Survey,98,2003,99901,473,356,0,0,0,0,0,0,0,0,0,0,0,Aleutian skate egg case,Bathyraja aleutica egg case,REGION,EBS_SHELF,1,200,Standard,EBS Standard Region: All Strata,0,2022,0,0,0,0,0,0,0,0,2026-09-10T08:00:00Z,473 - Aleutian skate egg case,0,0,0,0,0
Eastern Bering Sea Crab/Groundfish Bottom Trawl Survey,98,2004,99901,473,355,0,0,0,0,0,0,0,0,0,0,0,Aleutian skate egg case,Bathyraja aleutica egg case,REGION,EBS_SHELF,1,200,Standard,EBS Standard Region: All Strata,0,2022,0,0,0,0,0,0,0,0,2026-09-10T08:00:00Z,473 - Aleutian skate egg case,0,0,0,0,0
Eastern Bering Sea Crab/Groundfish Bottom Trawl Survey,98,2005,99901,473,353,0,0,0,0,0,0,0,0,0,0,0,Aleutian skate egg case,Bathyraja aleutica egg case,REGION,EBS_SHELF,1,200,Standard,EBS Standard Region: All Strata,0,2022,0,0,0,0,0,0,0,0,2026-09-10T08:00:00Z,473 - Aleutian skate egg case,0,0,0,0,0
Eastern Bering Sea Crab/Groundfish Bottom Trawl Survey,98,2006,99901,473,356,0,0,0,0,0,0,0,0,0,0,0,Aleutian skate egg case,Bathyraja aleutica egg case,REGION,EBS_SHELF,1,200,Standard,EBS Standard Region: All Strata,0,2022,0,0,0,0,0,0,0,0,2026-09-10T08:00:00Z,473 - Aleutian skate egg case,0,0,0,0,0
Eastern Bering Sea Crab/Groundfish Bottom Trawl Survey,98,2007,99901,473,356,0,0,0,0,0,0,0,0,0,0,0,Aleutian skate egg case,Bathyraja aleutica egg case,REGION,EBS_SHELF,1,200,Standard,EBS Standard Region: All Strata,0,2022,0,0,0,0,0,0,0,0,2026-09-10T08:00:00Z,473 - Aleutian skate egg case,0,0,0,0,0
Eastern Bering Sea Crab/Groundfish Bottom Trawl Survey,98,2008,99901,473,355,0,0,0,0,0,0,0,0,0,0,0,Aleutian skate egg case,Bathyraja aleutica egg case,REGION,EBS_SHELF,1,200,Standard,EBS Standard Region: All Strata,0,2022,0,0,0,0,0,0,0,0,2026-09-10T08:00:00Z,473 - Aleutian skate egg case,0,0,0,0,0
Eastern Bering Sea Crab/Groundfish Bottom Trawl Survey,98,2009,99901,473,356,0,0,0,0,0,0,0,0,0,0,0,Aleutian skate egg case,Bathyraja aleutica egg case,REGION,EBS_SHELF,1,200,Standard,EBS Standard Region: All Strata,0,2022,0,0,0,0,0,0,0,0,2026-09-10T08:00:00Z,473 - Aleutian skate egg case,0,0,0,0,0
Eastern Bering Sea Crab/Groundfish Bottom Trawl Survey,98,2010,99901,473,356,1,1,0,0.005517,3e-5,0.059964,0.003596,2.556976,6.538127,27793,772463073.50246,Aleutian skate egg case,Bathyraja aleutica egg case,REGION,EBS_SHELF,1,200,Standard,EBS Standard Region: All Strata,0,2022,0,0,0,0,0,0,0,0,2026-09-10T08:00:00Z,473 - Aleutian skate egg case,0,1.0000000562411882,2.5569761438073684,-2.454697241862442,7.568649241862442
Eastern Bering Sea Crab/Groundfish Bottom Trawl Survey,98,2011,99901,473,356,0,0,0,0,0,0,0,0,0,0,0,Aleutian skate egg case,Bathyraja aleutica egg case,REGION,EBS_SHELF,1,200,Standard,EBS Standard Region: All Strata,0,2022,0,0,0,0,0,0,0,0,2026-09-10T08:00:00Z,473 - Aleutian skate egg case,0,0,0,0,0
Eastern Bering Sea Crab/Groundfish Bottom Trawl Survey,98,2012,99901,473,356,1,1,0,0.003893,1.5e-5,0.062797,0.003943,1.804592,3.256553,29106,847178191.473455,Aleutian skate egg case,Bathyraja aleutica egg case,REGION,EBS_SHELF,1,200,Standard,EBS Standard Region: All Strata,0,2022,0,0,0,0,0,0,0,0,2026-09-10T08:00:00Z,473 - Aleutian skate egg case,0,1.0000001095538928,1.8045921977000787,-1.7324087074921541,5.341592707492154
Eastern Bering Sea Crab/Groundfish Bottom Trawl Survey,98,2013,99901,473,356,1,0,0,0.003379,1.1e-5,0,0,1.566225,2.453062,0,0,Aleutian skate egg case,Bathyraja aleutica egg case,REGION,EBS_SHELF,1,200,Standard,EBS Standard Region: All Strata,0,2022,0,0,0,0,0,0,0,0,2026-09-10T08:00:00Z,473 - Aleutian skate egg case,0,1.0000002546563187,1.5662253988490928,-1.5035767817442218,4.636026781744222
Eastern Bering Sea Crab/Groundfish Bottom Trawl Survey,98,2014,99901,473,356,1,1,0,0.002353,6e-6,0.06191,0.003833,1.090417,1.189009,28695,823413680.797985,Aleutian skate egg case,Bathyraja aleutica egg case,REGION,EBS_SHELF,1,200,Standard,EBS Standard Region: All Strata,0,2022,0,0,0,0,0,0,0,0,2026-09-10T08:00:00Z,473 - Aleutian skate egg case,0,0.9999999016454184,1.0904168927524922,-1.046800109794885,3.227634109794885
Eastern Bering Sea Crab/Groundfish Bottom Trawl Survey,98,2015,99901,473,356,2,2,0,0.013442,9.4e-5,0.20153,0.021167,6.230204,20.200959,93408,4547258051.30394,Aleutian skate egg case,Bathyraja aleutica egg case,REGION,EBS_SHELF,1,200,Standard,EBS Standard Region: All Strata,0,2022,0,0,0,0,0,0,0,0,2026-09-10T08:00:00Z,473 - Aleutian skate egg case,0,0.721412604937553,4.494547696932362,-2.5791094859874297,15.039517485987428
Eastern Bering Sea Crab/Groundfish Bottom Trawl Survey,98,2016,99901,473,356,2,2,0,0.010901,6e-5,0.269503,0.043987,5.052794,12.927654,124914,9449629354.17704,Aleutian skate egg case,Bathyraja aleutica egg case,REGION,EBS_SHELF,1,200,Standard,EBS Standard Region: All Strata,0,2022,0,0,0,0,0,0,0,0,2026-09-10T08:00:00Z,473 - Aleutian skate egg case,0,0.711587429323983,3.595504693363645,-1.9943951989927449,12.099983198992744
Eastern Bering Sea Crab/Groundfish Bottom Trawl Survey,98,2017,99901,473,356,0,0,0,0,0,0,0,0,0,0,0,Aleutian skate egg case,Bathyraja aleutica egg case,REGION,EBS_SHELF,1,200,Standard,EBS Standard Region: All Strata,0,2022,0,0,0,0,0,0,0,0,2026-09-10T08:00:00Z,473 - Aleutian skate egg case,0,0,0,0,0
Eastern Bering Sea Crab/Groundfish Bottom Trawl Survey,98,2018,99901,473,356,0,0,0,0,0,0,0,0,0,0,0,Aleutian skate egg case,Bathyraja aleutica egg case,REGION,EBS_SHELF,1,200,Standard,EBS Standard Region: All Strata,0,2022,0,0,0,0,0,0,0,0,2026-09-10T08:00:00Z,473 - Aleutian skate egg case,0,0,0,0,0
Eastern Bering Sea Crab/Groundfish Bottom Trawl Survey,98,2019,99901,473,356,0,0,0,0,0,0,0,0,0,0,0,Aleutian skate egg case,Bathyraja aleutica egg case,REGION,EBS_SHELF,1,200,Standard,EBS Standard Region: All Strata,0,2022,0,0,0,0,0,0,0,0,2026-09-10T08:00:00Z,473 - Aleutian skate egg case,0,0,0,0,0
Eastern Bering Sea Crab/Groundfish Bottom Trawl Survey,98,2021,99901,473,356,0,0,0,0,0,0,0,0,0,0,0,Aleutian skate egg case,Bathyraja aleutica egg case,REGION,EBS_SHELF,1,200,Standard,EBS Standard Region: All Strata,0,2022,0,0,0,0,0,0,0,0,2026-09-10T08:00:00Z,473 - Aleutian skate egg case,0,0,0,0,0
Eastern Bering Sea Crab/Groundfish Bottom Trawl Survey,98,2022,99901,473,356,3,3,0,0.029443,4.63e-4,0.297631,0.031833,13.646707,99.53859,137951,6838731356.51417,Aleutian skate egg case,Bathyraja aleutica egg case,REGION,EBS_SHELF,1,200,Standard,EBS Standard Region: All Strata,0,2022,0,0,0,0,0,0,0,0,2026-09-10T08:00:00Z,473 - Aleutian skate egg case,0,0.7310850028529026,9.976902826027725,-5.908022539014343,33.20143653901434
Eastern Bering Sea Crab/Groundfish Bottom Trawl Survey,98,2023,99901,473,356,3,3,0,0.024821,2.83e-4,0.686302,0.230685,11.504477,60.790978,318099,49558052426.3472,Aleutian skate egg case,Bathyraja aleutica egg case,REGION,EBS_SHELF,1,200,Standard,EBS Standard Region: All Strata,0,2022,0,0,0,0,0,0,0,0,2026-09-10T08:00:00Z,473 - Aleutian skate egg case,0,0.6777237184133434,7.796856930840786,-3.777362584447941,26.78631658444794
Eastern Bering Sea Crab/Groundfish Bottom Trawl Survey,98,2025,99901,473,330,3,3,0,0.008824,2.9e-5,0.204146,0.013951,4.089719,6.336672,94621,2997129096.69678,Aleutian skate egg case,Bathyraja aleutica egg case,REGION,EBS_SHELF,1,200,Standard,EBS Standard Region: All Strata,0,2022,0,0,0,0,0,0,0,0,2026-09-10T08:00:00Z,473 - Aleutian skate egg case,0,0.6155128792055584,2.517274716831677,-0.8441394449900876,9.023577444990087
Eastern Bering Sea Crab/Groundfish Bottom Trawl Survey,98,2024,99901,473,330,3,3,0,0.014909,9.6e-5,0.311628,0.040291,6.910235,20.651849,144439,8655617176.52495,Aleutian skate egg case,Bathyraja aleutica egg case,REGION,EBS_SHELF,1,200,Standard,EBS Standard Region: All Strata,0,2022,0,0,0,0,0,0,0,0,2026-09-10T08:00:00Z,473 - Aleutian skate egg case,0,0.6576376269959483,4.544430547384347,-1.9968488728733202,15.81731887287332
Eastern Bering Sea Crab/Groundfish Bottom Trawl Survey,98,2026,99901,473,330,1,1,0,0.005082,2.6e-5,0.227553,0.051781,2.355504,5.548401,105470,11123993326.6277,Aleutian skate egg case,Bathyraja aleutica egg case,REGION,EBS_SHELF,1,200,Standard,EBS Standard Region: All Strata,0,2022,0,0,0,0,0,0,0,0,2026-09-10T08:00:00Z,473 - Aleutian skate egg case,0,1.0000001717598,2.3555044045808957,-2.2612846329785556,6.972292632978555
Eastern Bering Sea Crab/Groundfish Bottom Trawl Survey,98,1982,99901,486,329,0,0,0,0,0,0,0,0,0,0,0,whitebrow skate egg case,Bathyraja minispinosa egg case,REGION,EBS_SHELF,1,200,Standard,EBS Standard Region: All Strata,0,2022,0,0,0,0,0,0,0,0,2026-09-10T08:00:00Z,486 - whitebrow skate egg case,0,0,0,0,0
Eastern Bering Sea Crab/Groundfish Bottom Trawl Survey,98,1983,99901,486,353,0,0,0,0,0,0,0,0,0,0,0,whitebrow skate egg case,Bathyraja minispinosa egg case,REGION,EBS_SHELF,1,200,Standard,EBS Standard Region: All Strata,0,2022,0,0,0,0,0,0,0,0,2026-09-10T08:00:00Z,486 - whitebrow skate egg case,0,0,0,0,0
Eastern Bering Sea Crab/Groundfish Bottom Trawl Survey,98,1984,99901,486,355,0,0,0,0,0,0,0,0,0,0,0,whitebrow skate egg case,Bathyraja minispinosa egg case,REGION,EBS_SHELF,1,200,Standard,EBS Standard Region: All Strata,0,2022,0,0,0,0,0,0,0,0,2026-09-10T08:00:00Z,486 - whitebrow skate egg case,0,0,0,0,0
Eastern Bering Sea Crab/Groundfish Bottom Trawl Survey,98,1985,99901,486,353,0,0,0,0,0,0,0,0,0,0,0,whitebrow skate egg case,Bathyraja minispinosa egg case,REGION,EBS_SHELF,1,200,Standard,EBS Standard Region: All Strata,0,2022,0,0,0,0,0,0,0,0,2026-09-10T08:00:00Z,486 - whitebrow skate egg case,0,0,0,0,0
Eastern Bering Sea Crab/Groundfish Bottom Trawl Survey,98,1986,99901,486,354,0,0,0,0,0,0,0,0,0,0,0,whitebrow skate egg case,Bathyraja minispinosa egg case,REGION,EBS_SHELF,1,200,Standard,EBS Standard Region: All Strata,0,2022,0,0,0,0,0,0,0,0,2026-09-10T08:00:00Z,486 - whitebrow skate egg case,0,0,0,0,0
Eastern Bering Sea Crab/Groundfish Bottom Trawl Survey,98,1987,99901,486,343,0,0,0,0,0,0,0,0,0,0,0,whitebrow skate egg case,Bathyraja minispinosa egg case,REGION,EBS_SHELF,1,200,Standard,EBS Standard Region: All Strata,0,2022,0,0,0,0,0,0,0,0,2026-09-10T08:00:00Z,486 - whitebrow skate egg case,0,0,0,0,0
Eastern Bering Sea Crab/Groundfish Bottom Trawl Survey,98,1988,99901,486,353,0,0,0,0,0,0,0,0,0,0,0,whitebrow skate egg case,Bathyraja minispinosa egg case,REGION,EBS_SHELF,1,200,Standard,EBS Standard Region: All Strata,0,2022,0,0,0,0,0,0,0,0,2026-09-10T08:00:00Z,486 - whitebrow skate egg case,0,0,0,0,0
Eastern Bering Sea Crab/Groundfish Bottom Trawl Survey,98,1989,99901,486,354,0,0,0,0,0,0,0,0,0,0,0,whitebrow skate egg case,Bathyraja minispinosa egg case,REGION,EBS_SHELF,1,200,Standard,EBS Standard Region: All Strata,0,2022,0,0,0,0,0,0,0,0,2026-09-10T08:00:00Z,486 - whitebrow skate egg case,0,0,0,0,0
Eastern Bering Sea Crab/Groundfish Bottom Trawl Survey,98,1990,99901,486,351,0,0,0,0,0,0,0,0,0,0,0,whitebrow skate egg case,Bathyraja minispinosa egg case,REGION,EBS_SHELF,1,200,Standard,EBS Standard Region: All Strata,0,2022,0,0,0,0,0,0,0,0,2026-09-10T08:00:00Z,486 - whitebrow skate egg case,0,0,0,0,0
Eastern Bering Sea Crab/Groundfish Bottom Trawl Survey,98,1991,99901,486,352,0,0,0,0,0,0,0,0,0,0,0,whitebrow skate egg case,Bathyraja minispinosa egg case,REGION,EBS_SHELF,1,200,Standard,EBS Standard Region: All Strata,0,2022,0,0,0,0,0,0,0,0,2026-09-10T08:00:00Z,486 - whitebrow skate egg case,0,0,0,0,0
Eastern Bering Sea Crab/Groundfish Bottom Trawl Survey,98,1992,99901,486,336,0,0,0,0,0,0,0,0,0,0,0,whitebrow skate egg case,Bathyraja minispinosa egg case,REGION,EBS_SHELF,1,200,Standard,EBS Standard Region: All Strata,0,2022,0,0,0,0,0,0,0,0,2026-09-10T08:00:00Z,486 - whitebrow skate egg case,0,0,0,0,0
Eastern Bering Sea Crab/Groundfish Bottom Trawl Survey,98,1993,99901,486,355,0,0,0,0,0,0,0,0,0,0,0,whitebrow skate egg case,Bathyraja minispinosa egg case,REGION,EBS_SHELF,1,200,Standard,EBS Standard Region: All Strata,0,2022,0,0,0,0,0,0,0,0,2026-09-10T08:00:00Z,486 - whitebrow skate egg case,0,0,0,0,0
Eastern Bering Sea Crab/Groundfish Bottom Trawl Survey,98,1994,99901,486,355,0,0,0,0,0,0,0,0,0,0,0,whitebrow skate egg case,Bathyraja minispinosa egg case,REGION,EBS_SHELF,1,200,Standard,EBS Standard Region: All Strata,0,2022,0,0,0,0,0,0,0,0,2026-09-10T08:00:00Z,486 - whitebrow skate egg case,0,0,0,0,0
Eastern Bering Sea Crab/Groundfish Bottom Trawl Survey,98,1995,99901,486,356,0,0,0,0,0,0,0,0,0,0,0,whitebrow skate egg case,Bathyraja minispinosa egg case,REGION,EBS_SHELF,1,200,Standard,EBS Standard Region: All Strata,0,2022,0,0,0,0,0,0,0,0,2026-09-10T08:00:00Z,486 - whitebrow skate egg case,0,0,0,0,0
Eastern Bering Sea Crab/Groundfish Bottom Trawl Survey,98,1996,99901,486,355,0,0,0,0,0,0,0,0,0,0,0,whitebrow skate egg case,Bathyraja minispinosa egg case,REGION,EBS_SHELF,1,200,Standard,EBS Standard Region: All Strata,0,2022,0,0,0,0,0,0,0,0,2026-09-10T08:00:00Z,486 - whitebrow skate egg case,0,0,0,0,0
Eastern Bering Sea Crab/Groundfish Bottom Trawl Survey,98,1997,99901,486,356,0,0,0,0,0,0,0,0,0,0,0,whitebrow skate egg case,Bathyraja minispinosa egg case,REGION,EBS_SHELF,1,200,Standard,EBS Standard Region: All Strata,0,2022,0,0,0,0,0,0,0,0,2026-09-10T08:00:00Z,486 - whitebrow skate egg case,0,0,0,0,0
Eastern Bering Sea Crab/Groundfish Bottom Trawl Survey,98,1998,99901,486,355,0,0,0,0,0,0,0,0,0,0,0,whitebrow skate egg case,Bathyraja minispinosa egg case,REGION,EBS_SHELF,1,200,Standard,EBS Standard Region: All Strata,0,2022,0,0,0,0,0,0,0,0,2026-09-10T08:00:00Z,486 - whitebrow skate egg case,0,0,0,0,0
Eastern Bering Sea Crab/Groundfish Bottom Trawl Survey,98,1999,99901,486,353,0,0,0,0,0,0,0,0,0,0,0,whitebrow skate egg case,Bathyraja minispinosa egg case,REGION,EBS_SHELF,1,200,Standard,EBS Standard Region: All Strata,0,2022,0,0,0,0,0,0,0,0,2026-09-10T08:00:00Z,486 - whitebrow skate egg case,0,0,0,0,0
Eastern Bering Sea Crab/Groundfish Bottom Trawl Survey,98,2000,99901,486,352,0,0,0,0,0,0,0,0,0,0,0,whitebrow skate egg case,Bathyraja minispinosa egg case,REGION,EBS_SHELF,1,200,Standard,EBS Standard Region: All Strata,0,2022,0,0,0,0,0,0,0,0,2026-09-10T08:00:00Z,486 - whitebrow skate egg case,0,0,0,0,0
Eastern Bering Sea Crab/Groundfish Bottom Trawl Survey,98,2001,99901,486,355,0,0,0,0,0,0,0,0,0,0,0,whitebrow skate egg case,Bathyraja minispinosa egg case,REGION,EBS_SHELF,1,200,Standard,EBS Standard Region: All Strata,0,2022,0,0,0,0,0,0,0,0,2026-09-10T08:00:00Z,486 - whitebrow skate egg case,0,0,0,0,0
Eastern Bering Sea Crab/Groundfish Bottom Trawl Survey,98,2002,99901,486,355,0,0,0,0,0,0,0,0,0,0,0,whitebrow skate egg case,Bathyraja minispinosa egg case,REGION,EBS_SHELF,1,200,Standard,EBS Standard Region: All Strata,0,2022,0,0,0,0,0,0,0,0,2026-09-10T08:00:00Z,486 - whitebrow skate egg case,0,0,0,0,0
Eastern Bering Sea Crab/Groundfish Bottom Trawl Survey,98,2003,99901,486,356,0,0,0,0,0,0,0,0,0,0,0,whitebrow skate egg case,Bathyraja minispinosa egg case,REGION,EBS_SHELF,1,200,Standard,EBS Standard Region: All Strata,0,2022,0,0,0,0,0,0,0,0,2026-09-10T08:00:00Z,486 - whitebrow skate egg case,0,0,0,0,0
Eastern Bering Sea Crab/Groundfish Bottom Trawl Survey,98,2004,99901,486,355,0,0,0,0,0,0,0,0,0,0,0,whitebrow skate egg case,Bathyraja minispinosa egg case,REGION,EBS_SHELF,1,200,Standard,EBS Standard Region: All Strata,0,2022,0,0,0,0,0,0,0,0,2026-09-10T08:00:00Z,486 - whitebrow skate egg case,0,0,0,0,0
Eastern Bering Sea Crab/Groundfish Bottom Trawl Survey,98,2005,99901,486,353,0,0,0,0,0,0,0,0,0,0,0,whitebrow skate egg case,Bathyraja minispinosa egg case,REGION,EBS_SHELF,1,200,Standard,EBS Standard Region: All Strata,0,2022,0,0,0,0,0,0,0,0,2026-09-10T08:00:00Z,486 - whitebrow skate egg case,0,0,0,0,0
Eastern Bering Sea Crab/Groundfish Bottom Trawl Survey,98,2006,99901,486,356,0,0,0,0,0,0,0,0,0,0,0,whitebrow skate egg case,Bathyraja minispinosa egg case,REGION,EBS_SHELF,1,200,Standard,EBS Standard Region: All Strata,0,2022,0,0,0,0,0,0,0,0,2026-09-10T08:00:00Z,486 - whitebrow skate egg case,0,0,0,0,0
Eastern Bering Sea Crab/Groundfish Bottom Trawl Survey,98,2007,99901,486,356,0,0,0,0,0,0,0,0,0,0,0,whitebrow skate egg case,Bathyraja minispinosa egg case,REGION,EBS_SHELF,1,200,Standard,EBS Standard Region: All Strata,0,2022,0,0,0,0,0,0,0,0,2026-09-10T08:00:00Z,486 - whitebrow skate egg case,0,0,0,0,0
Eastern Bering Sea Crab/Groundfish Bottom Trawl Survey,98,2008,99901,486,355,0,0,0,0,0,0,0,0,0,0,0,whitebrow skate egg case,Bathyraja minispinosa egg case,REGION,EBS_SHELF,1,200,Standard,EBS Standard Region: All Strata,0,2022,0,0,0,0,0,0,0,0,2026-09-10T08:00:00Z,486 - whitebrow skate egg case,0,0,0,0,0
Eastern Bering Sea Crab/Groundfish Bottom Trawl Survey,98,2009,99901,486,356,0,0,0,0,0,0,0,0,0,0,0,whitebrow skate egg case,Bathyraja minispinosa egg case,REGION,EBS_SHELF,1,200,Standard,EBS Standard Region: All Strata,0,2022,0,0,0,0,0,0,0,0,2026-09-10T08:00:00Z,486 - whitebrow skate egg case,0,0,0,0,0
Eastern Bering Sea Crab/Groundfish Bottom Trawl Survey,98,2010,99901,486,356,0,0,0,0,0,0,0,0,0,0,0,whitebrow skate egg case,Bathyraja minispinosa egg case,REGION,EBS_SHELF,1,200,Standard,EBS Standard Region: All Strata,0,2022,0,0,0,0,0,0,0,0,2026-09-10T08:00:00Z,486 - whitebrow skate egg case,0,0,0,0,0
Eastern Bering Sea Crab/Groundfish Bottom Trawl Survey,98,2011,99901,486,356,0,0,0,0,0,0,0,0,0,0,0,whitebrow skate egg case,Bathyraja minispinosa egg case,REGION,EBS_SHELF,1,200,Standard,EBS Standard Region: All Strata,0,2022,0,0,0,0,0,0,0,0,2026-09-10T08:00:00Z,486 - whitebrow skate egg case,0,0,0,0,0
Eastern Bering Sea Crab/Groundfish Bottom Trawl Survey,98,2012,99901,486,356,0,0,0,0,0,0,0,0,0,0,0,whitebrow skate egg case,Bathyraja minispinosa egg case,REGION,EBS_SHELF,1,200,Standard,EBS Standard Region: All Strata,0,2022,0,0,0,0,0,0,0,0,2026-09-10T08:00:00Z,486 - whitebrow skate egg case,0,0,0,0,0
Eastern Bering Sea Crab/Groundfish Bottom Trawl Survey,98,2013,99901,486,356,0,0,0,0,0,0,0,0,0,0,0,whitebrow skate egg case,Bathyraja minispinosa egg case,REGION,EBS_SHELF,1,200,Standard,EBS Standard Region: All Strata,0,2022,0,0,0,0,0,0,0,0,2026-09-10T08:00:00Z,486 - whitebrow skate egg case,0,0,0,0,0
Eastern Bering Sea Crab/Groundfish Bottom Trawl Survey,98,2014,99901,486,356,0,0,0,0,0,0,0,0,0,0,0,whitebrow skate egg case,Bathyraja minispinosa egg case,REGION,EBS_SHELF,1,200,Standard,EBS Standard Region: All Strata,0,2022,0,0,0,0,0,0,0,0,2026-09-10T08:00:00Z,486 - whitebrow skate egg case,0,0,0,0,0
Eastern Bering Sea Crab/Groundfish Bottom Trawl Survey,98,2015,99901,486,356,0,0,0,0,0,0,0,0,0,0,0,whitebrow skate egg case,Bathyraja minispinosa egg case,REGION,EBS_SHELF,1,200,Standard,EBS Standard Region: All Strata,0,2022,0,0,0,0,0,0,0,0,2026-09-10T08:00:00Z,486 - whitebrow skate egg case,0,0,0,0,0
Eastern Bering Sea Crab/Groundfish Bottom Trawl Survey,98,2016,99901,486,356,0,0,0,0,0,0,0,0,0,0,0,whitebrow skate egg case,Bathyraja minispinosa egg case,REGION,EBS_SHELF,1,200,Standard,EBS Standard Region: All Strata,0,2022,0,0,0,0,0,0,0,0,2026-09-10T08:00:00Z,486 - whitebrow skate egg case,0,0,0,0,0
Eastern Bering Sea Crab/Groundfish Bottom Trawl Survey,98,2017,99901,486,356,0,0,0,0,0,0,0,0,0,0,0,whitebrow skate egg case,Bathyraja minispinosa egg case,REGION,EBS_SHELF,1,200,Standard,EBS Standard Region: All Strata,0,2022,0,0,0,0,0,0,0,0,2026-09-10T08:00:00Z,486 - whitebrow skate egg case,0,0,0,0,0
Eastern Bering Sea Crab/Groundfish Bottom Trawl Survey,98,2018,99901,486,356,0,0,0,0,0,0,0,0,0,0,0,whitebrow skate egg case,Bathyraja minispinosa egg case,REGION,EBS_SHELF,1,200,Standard,EBS Standard Region: All Strata,0,2022,0,0,0,0,0,0,0,0,2026-09-10T08:00:00Z,486 - whitebrow skate egg case,0,0,0,0,0
Eastern Bering Sea Crab/Groundfish Bottom Trawl Survey,98,2019,99901,486,356,1,1,0,0.001256,2e-6,0.062805,0.003944,0.582199,0.338956,29110,847390187.888849,whitebrow skate egg case,Bathyraja minispinosa egg case,REGION,EBS_SHELF,1,200,Standard,EBS Standard Region: All Strata,0,2022,0,0,0,0,0,0,0,0,2026-09-10T08:00:00Z,486 - whitebrow skate egg case,0,1.0000004785270549,0.5821992785979728,-0.5589115860520267,1.7233095860520269
Eastern Bering Sea Crab/Groundfish Bottom Trawl Survey,98,2021,99901,486,356,0,0,0,0,0,0,0,0,0,0,0,whitebrow skate egg case,Bathyraja minispinosa egg case,REGION,EBS_SHELF,1,200,Standard,EBS Standard Region: All Strata,0,2022,0,0,0,0,0,0,0,0,2026-09-10T08:00:00Z,486 - whitebrow skate egg case,0,0,0,0,0
Eastern Bering Sea Crab/Groundfish Bottom Trawl Survey,98,2022,99901,486,356,0,0,0,0,0,0,0,0,0,0,0,whitebrow skate egg case,Bathyraja minispinosa egg case,REGION,EBS_SHELF,1,200,Standard,EBS Standard Region: All Strata,0,2022,0,0,0,0,0,0,0,0,2026-09-10T08:00:00Z,486 - whitebrow skate egg case,0,0,0,0,0
Eastern Bering Sea Crab/Groundfish Bottom Trawl Survey,98,2023,99901,486,356,0,0,0,0,0,0,0,0,0,0,0,whitebrow skate egg case,Bathyraja minispinosa egg case,REGION,EBS_SHELF,1,200,Standard,EBS Standard Region: All Strata,0,2022,0,0,0,0,0,0,0,0,2026-09-10T08:00:00Z,486 - whitebrow skate egg case,0,0,0,0,0
Eastern Bering Sea Crab/Groundfish Bottom Trawl Survey,98,2025,99901,486,330,1,1,0,0.008328,6.9e-5,0.324484,0.10529,3.860204,14.901171,150398,22619420376.3714,whitebrow skate egg case,Bathyraja minispinosa egg case,REGION,EBS_SHELF,1,200,Standard,EBS Standard Region: All Strata,0,2022,0,0,0,0,0,0,0,0,2026-09-10T08:00:00Z,486 - whitebrow skate egg case,0,0.9999998684125152,3.8602034920454646,-3.7057948444091102,11.42620284440911
Eastern Bering Sea Crab/Groundfish Bottom Trawl Survey,98,2024,99901,486,330,0,0,0,0,0,0,0,0,0,0,0,whitebrow skate egg case,Bathyraja minispinosa egg case,REGION,EBS_SHELF,1,200,Standard,EBS Standard Region: All Strata,0,2022,0,0,0,0,0,0,0,0,2026-09-10T08:00:00Z,486 - whitebrow skate egg case,0,0,0,0,0
Eastern Bering Sea Crab/Groundfish Bottom Trawl Survey,98,2026,99901,486,330,0,0,0,0,0,0,0,0,0,0,0,whitebrow skate egg case,Bathyraja minispinosa egg case,REGION,EBS_SHELF,1,200,Standard,EBS Standard Region: All Strata,0,2022,0,0,0,0,0,0,0,0,2026-09-10T08:00:00Z,486 - whitebrow skate egg case,0,0,0,0,0
Eastern Bering Sea Crab/Groundfish Bottom Trawl Survey,98,1982,99901,401,329,0,0,0,0,0,0,0,0,0,0,0,skate egg case unid.,Rajiformes egg case,REGION,EBS_SHELF,1,200,Standard,EBS Standard Region: All Strata,0,2022,0,0,0,0,0,0,0,0,2026-09-10T08:00:00Z,401 - skate egg case unid.,0,0,0,0,0
Eastern Bering Sea Crab/Groundfish Bottom Trawl Survey,98,1983,99901,401,353,0,0,0,0,0,0,0,0,0,0,0,skate egg case unid.,Rajiformes egg case,REGION,EBS_SHELF,1,200,Standard,EBS Standard Region: All Strata,0,2022,0,0,0,0,0,0,0,0,2026-09-10T08:00:00Z,401 - skate egg case unid.,0,0,0,0,0
Eastern Bering Sea Crab/Groundfish Bottom Trawl Survey,98,1984,99901,401,355,3,3,0,0.009369,2.7e-5,0.398751,0.071517,4.342546,5.785725,184820,15363911969.9386,skate egg case unid.,Rajiformes egg case,REGION,EBS_SHELF,1,200,Standard,EBS Standard Region: All Strata,0,2022,0,0,0,0,0,0,0,0,2026-09-10T08:00:00Z,401 - skate egg case unid.,0,0.5539039550502872,2.4053534043878044,-0.37194667260009684,9.057038672600097
Eastern Bering Sea Crab/Groundfish Bottom Trawl Survey,98,1985,99901,401,353,2,2,0,0.005826,1.7e-5,0.129476,0.008245,2.700539,3.586963,60012,1771339690.07408,skate egg case unid.,Rajiformes egg case,REGION,EBS_SHELF,1,200,Standard,EBS Standard Region: All Strata,0,2022,0,0,0,0,0,0,0,0,2026-09-10T08:00:00Z,401 - skate egg case unid.,0,0.7013147852836027,1.893927928934995,-1.01155974071259,6.41263774071259
Eastern Bering Sea Crab/Groundfish Bottom Trawl Survey,98,1986,99901,401,354,6,4,0,0.052972,5.35e-4,0.610636,0.104439,24.552397,114.902937,283028,22436554713.046,skate egg case unid.,Rajiformes egg case,REGION,EBS_SHELF,1,200,Standard,EBS Standard Region: All Strata,0,2022,0,0,0,0,0,0,0,0,2026-09-10T08:00:00Z,401 - skate egg case unid.,0,0.4365878717960691,10.719278753722191,3.5426106427045028,45.562183357295496
Eastern Bering Sea Crab/Groundfish Bottom Trawl Survey,98,1987,99901,401,343,2,2,0,0.023472,4.33e-4,0.12866,0.008277,10.879411,92.918288,59634,1778175189.21765,skate egg case unid.,Rajiformes egg case,REGION,EBS_SHELF,1,200,Standard,EBS Standard Region: All Strata,0,2022,0,0,0,0,0,0,0,0,2026-09-10T08:00:00Z,401 - skate egg case unid.,0,0.8860234492613894,9.6394132601523,-8.013838989898511,29.77266098989851
Eastern Bering Sea Crab/Groundfish Bottom Trawl Survey,98,1988,99901,401,353,6,2,0,1.768504,1.057785,0.402182,0.082295,819.696892,227243.543797,186410,17679428592.0473,skate egg case unid.,Rajiformes egg case,REGION,EBS_SHELF,1,200,Standard,EBS Standard Region: All Strata,0,2022,0,0,0,0,0,0,0,0,2026-09-10T08:00:00Z,401 - skate egg case unid.,0,0.5815572687966235,476.7006857526009,-114.63645207509774,1754.030236075098
Eastern Bering Sea Crab/Groundfish Bottom Trawl Survey,98,1989,99901,401,354,12,5,0,8.700791,30.245694,2.434388,2.576976,4032.792536,6497673.174265,1128332,553610882811.932,skate egg case unid.,Rajiformes egg case,REGION,EBS_SHELF,1,200,Standard,EBS Standard Region: All Strata,0,2022,0,0,0,0,0,0,0,0,2026-09-10T08:00:00Z,401 - skate egg case unid.,0,0.6320814584746319,2549.0533878804895,-963.3521042457596,9028.93717624576
Eastern Bering Sea Crab/Groundfish Bottom Trawl Survey,98,1990,99901,401,351,7,1,0,1.799847,1.378844,0.070277,0.004939,834.223992,296216.575858,32573,1061009060.23992,skate egg case unid.,Rajiformes egg case,REGION,EBS_SHELF,1,200,Standard,EBS Standard Region: All Strata,0,2022,0,0,0,0,0,0,0,0,2026-09-10T08:00:00Z,401 - skate egg case unid.,0,0.6524120935700483,544.2578211270832,-232.52133740908312,1900.969321409083
Eastern Bering Sea Crab/Groundfish Bottom Trawl Survey,98,1991,99901,401,352,12,6,0,0.86385,0.19562,1.308758,0.323382,400.391915,42024.964728,606606,69471961893.752808,skate egg case unid.,Rajiformes egg case,REGION,EBS_SHELF,1,200,Standard,EBS Standard Region: All Strata,0,2022,0,0,0,0,0,0,0,0,2026-09-10T08:00:00Z,401 - skate egg case unid.,0,0.5119981355535456,204.99991397071366,-1.4079163825987848,802.1917463825987
Eastern Bering Sea Crab/Groundfish Bottom Trawl Survey,98,1992,99901,401,336,15,9,0,0.366351,0.014271,3.507217,2.309559,169.802753,3065.770527,1625585,496161921777.869,skate egg case unid.,Rajiformes egg case,REGION,EBS_SHELF,1,200,Standard,EBS Standard Region: All Strata,0,2022,0,0,0,0,0,0,0,0,2026-09-10T08:00:00Z,401 - skate egg case unid.,0,0.3260807004577686,55.36940063789746,61.27872774972097,278.326778250279
Eastern Bering Sea Crab/Groundfish Bottom Trawl Survey,98,1993,99901,401,355,7,5,0,0.334079,0.038012,4.492391,4.490942,154.844834,8166.157022,2082211,964787753707.914,skate egg case unid.,Rajiformes egg case,REGION,EBS_SHELF,1,200,Standard,EBS Standard Region: All Strata,0,2022,0,0,0,0,0,0,0,0,2026-09-10T08:00:00Z,401 - skate egg case unid.,0,0.5835957794271868,90.36679158850335,-22.27407751346655,331.9637455134665
Eastern Bering Sea Crab/Groundfish Bottom Trawl Survey,98,1994,99901,401,355,13,11,0,0.331891,0.01105,4.843358,3.532693,153.830782,2373.843544,2244883,758927264824.555,skate egg case unid.,Rajiformes egg case,REGION,EBS_SHELF,1,200,Standard,EBS Standard Region: All Strata,0,2022,0,0,0,0,0,0,0,0,2026-09-10T08:00:00Z,401 - skate egg case unid.,0,0.3167253306372091,48.72210529113043,58.335455629384356,249.32610837061566
Eastern Bering Sea Crab/Groundfish Bottom Trawl Survey,98,1995,99901,401,356,15,6,0,0.52568,0.057736,1.271125,0.305423,243.651074,12403.386022,589163,65613921745.7867,skate egg case unid.,Rajiformes egg case,REGION,EBS_SHELF,1,200,Standard,EBS Standard Region: All Strata,0,2022,0,0,0,0,0,0,0,0,2026-09-10T08:00:00Z,401 - skate egg case unid.,0,0.4570900841029659,111.37048990643797,25.36491378338158,461.93723421661844
Eastern Bering Sea Crab/Groundfish Bottom Trawl Survey,98,1996,99901,401,355,19,11,0,1.377542,1.219198,1.591316,0.288686,638.48695,261920.005475,737571,62018320697.9033,skate egg case unid.,Rajiformes egg case,REGION,EBS_SHELF,1,200,Standard,EBS Standard Region: All Strata,0,2022,0,0,0,0,0,0,0,0,2026-09-10T08:00:00Z,401 - skate egg case unid.,0,0.8015531227364131,511.78120859894807,-364.60421885393816,1641.5781188539381
Eastern Bering Sea Crab/Groundfish Bottom Trawl Survey,98,1997,99901,401,356,15,12,0,0.160718,0.001855,2.664027,1.293744,74.492125,398.438055,1234769,277934593540.283,skate egg case unid.,Rajiformes egg case,REGION,EBS_SHELF,1,200,Standard,EBS Standard Region: All Strata,0,2022,0,0,0,0,0,0,0,0,2026-09-10T08:00:00Z,401 - skate egg case unid.,0,0.2679600451794543,19.96091318051356,35.368735166193424,113.61551483380657
Eastern Bering Sea Crab/Groundfish Bottom Trawl Survey,98,1998,99901,401,355,18,6,0,0.3999,0.015021,0.633638,0.095806,185.352592,3227.041832,293689,20581920846.0707,skate egg case unid.,Rajiformes egg case,REGION,EBS_SHELF,1,200,Standard,EBS Standard Region: All Strata,0,2022,0,0,0,0,0,0,0,0,2026-09-10T08:00:00Z,401 - skate egg case unid.,0,0.3064810549926024,56.807057941773394,74.01075843412414,296.6944255658758
Eastern Bering Sea Crab/Groundfish Bottom Trawl Survey,98,1999,99901,401,353,29,20,0,0.485099,0.026638,8.45545,22.375607,224.842116,5722.607701,3919078,4806944693069.46,skate egg case unid.,Rajiformes egg case,REGION,EBS_SHELF,1,200,Standard,EBS Standard Region: All Strata,0,2022,0,0,0,0,0,0,0,0,2026-09-10T08:00:00Z,401 - skate egg case unid.,0,0.3364490634107691,75.6479193434955,76.57219408674882,373.1120379132512
Eastern Bering Sea Crab/Groundfish Bottom Trawl Survey,98,2000,99901,401,352,27,20,0,0.397325,0.017732,9.922546,15.594465,184.15903,3809.285427,4599073,3350154203028.4,skate egg case unid.,Rajiformes egg case,REGION,EBS_SHELF,1,200,Standard,EBS Standard Region: All Strata,0,2022,0,0,0,0,0,0,0,0,2026-09-10T08:00:00Z,401 - skate egg case unid.,0,0.3351419087919331,61.71940883547087,63.18898868247709,305.1290713175229
Eastern Bering Sea Crab/Groundfish Bottom Trawl Survey,98,2001,99901,401,355,28,28,0,0.488722,0.039468,14.932975,31.02547,226.521357,8478.928747,6921393,6665192218852.48,skate egg case unid.,Rajiformes egg case,REGION,EBS_SHELF,1,200,Standard,EBS Standard Region: All Strata,0,2022,0,0,0,0,0,0,0,0,2026-09-10T08:00:00Z,401 - skate egg case unid.,0,0.4065007378088443,92.08109874996062,46.04240345007719,407.0003105499228
Eastern Bering Sea Crab/Groundfish Bottom Trawl Survey,98,2002,99901,401,355,20,19,0,0.405264,0.031908,12.331151,21.230072,187.838873,6854.734417,5715455,4560849860953.06,skate egg case unid.,Rajiformes egg case,REGION,EBS_SHELF,1,200,Standard,EBS Standard Region: All Strata,0,2022,0,0,0,0,0,0,0,0,2026-09-10T08:00:00Z,401 - skate egg case unid.,0,0.4407677824226423,82.79332350497835,25.56395893024245,350.11378706975756
Eastern Bering Sea Crab/Groundfish Bottom Trawl Survey,98,2003,99901,401,356,21,20,0,0.898233,0.221706,26.803542,215.06049,416.328312,47628.960368,12423368,46201378815975.5,skate egg case unid.,Rajiformes egg case,REGION,EBS_SHELF,1,200,Standard,EBS Standard Region: All Strata,0,2022,0,0,0,0,0,0,0,0,2026-09-10T08:00:00Z,401 - skate egg case unid.,0,0.5242031246131027,218.2406020152987,-11.423267949985473,844.0798919499855
Eastern Bering Sea Crab/Groundfish Bottom Trawl Survey,98,2004,99901,401,355,15,13,0,0.373825,0.071805,1.953892,0.362828,173.266971,15425.92674,905624,77946144019.1073,skate egg case unid.,Rajiformes egg case,REGION,EBS_SHELF,1,200,Standard,EBS Standard Region: All Strata,0,2022,0,0,0,0,0,0,0,0,2026-09-10T08:00:00Z,401 - skate egg case unid.,0,0.7168195624684968,124.20115434246173,-70.16729151122499,416.70123351122504
Eastern Bering Sea Crab/Groundfish Bottom Trawl Survey,98,2005,99901,401,353,24,24,0,0.167764,0.002282,5.94423,3.999613,77.758358,490.347473,2755134,859235651285.0479,skate egg case unid.,Rajiformes egg case,REGION,EBS_SHELF,1,200,Standard,EBS Standard Region: All Strata,0,2022,0,0,0,0,0,0,0,0,2026-09-10T08:00:00Z,401 - skate egg case unid.,0,0.28477698622817044,22.143790845291146,34.35652794322935,121.16018805677065
Eastern Bering Sea Crab/Groundfish Bottom Trawl Survey,98,2006,99901,401,356,13,13,0,0.101402,0.001039,3.266029,1.102667,46.999721,223.283149,1513796,236885590657.2189,skate egg case unid.,Rajiformes egg case,REGION,EBS_SHELF,1,200,Standard,EBS Standard Region: All Strata,0,2022,0,0,0,0,0,0,0,0,2026-09-10T08:00:00Z,401 - skate egg case unid.,0,0.3179308669789413,14.942662045298354,17.712103391215226,76.28733860878478
Eastern Bering Sea Crab/Groundfish Bottom Trawl Survey,98,2007,99901,401,356,10,10,0,0.046103,3.11e-4,2.120333,0.774325,21.368608,66.745559,982769,166348018757.7439,skate egg case unid.,Rajiformes egg case,REGION,EBS_SHELF,1,200,Standard,EBS Standard Region: All Strata,0,2022,0,0,0,0,0,0,0,0,2026-09-10T08:00:00Z,401 - skate egg case unid.,0,0.38232698778868096,8.16979552987711,5.355808761440862,37.381407238559134
Eastern Bering Sea Crab/Groundfish Bottom Trawl Survey,98,2008,99901,401,355,9,9,0,0.285078,0.031058,9.755031,45.134359,132.13267,6672.151832,4521430,9696200505615.99,skate egg case unid.,Rajiformes egg case,REGION,EBS_SHELF,1,200,Standard,EBS Standard Region: All Strata,0,2022,0,0,0,0,0,0,0,0,2026-09-10T08:00:00Z,401 - skate egg case unid.,0,0.6181911016177128,81.68324082698972,-27.96648202089986,292.2318220208998
Eastern Bering Sea Crab/Groundfish Bottom Trawl Survey,98,2009,99901,401,356,4,4,0,0.046877,9.22e-4,1.582373,1.222397,21.727395,197.980441,733426,262607232786.487,skate egg case unid.,Rajiformes egg case,REGION,EBS_SHELF,1,200,Standard,EBS Standard Region: All Strata,0,2022,0,0,0,0,0,0,0,0,2026-09-10T08:00:00Z,401 - skate egg case unid.,0,0.6475949953275156,14.070552263504087,-5.85088743646801,49.30567743646802
Eastern Bering Sea Crab/Groundfish Bottom Trawl Survey,98,2010,99901,401,356,6,5,0,0.085286,0.004097,0.780596,0.147592,39.529976,880.240301,361804,31707118933.537,skate egg case unid.,Rajiformes egg case,REGION,EBS_SHELF,1,200,Standard,EBS Standard Region: All Strata,0,2022,0,0,0,0,0,0,0,0,2026-09-10T08:00:00Z,401 - skate egg case unid.,0,0.7505403986192113,29.668843944447854,-18.620958131117796,97.6809101311178
Eastern Bering Sea Crab/Groundfish Bottom Trawl Survey,98,2011,99901,401,356,6,1,0,0.177228,0.015379,0.219213,0.048055,82.14472,3303.864069,101605,10323538046.1936,skate egg case unid.,Rajiformes egg case,REGION,EBS_SHELF,1,200,Standard,EBS Standard Region: All Strata,0,2022,0,0,0,0,0,0,0,0,2026-09-10T08:00:00Z,401 - skate egg case unid.,0,0.6997315107963249,57.47924902954109,-30.51460809790052,194.80404809790053
Eastern Bering Sea Crab/Groundfish Bottom Trawl Survey,98,2012,99901,401,356,12,10,0,0.334709,0.029277,5.670109,11.501694,155.13678,6289.579444,2628080,2470905373150.03,skate egg case unid.,Rajiformes egg case,REGION,EBS_SHELF,1,200,Standard,EBS Standard Region: All Strata,0,2022,0,0,0,0,0,0,0,0,2026-09-10T08:00:00Z,401 - skate egg case unid.,0,0.5112061036229009,79.30686883240317,-0.30468291151021276,310.5782429115102
Eastern Bering Sea Crab/Groundfish Bottom Trawl Survey,98,2013,99901,401,356,10,7,0,0.087929,0.001562,0.665516,0.091359,40.755054,335.567851,308465,19626665244.1311,skate egg case unid.,Rajiformes egg case,REGION,EBS_SHELF,1,200,Standard,EBS Standard Region: All Strata,0,2022,0,0,0,0,0,0,0,0,2026-09-10T08:00:00Z,401 - skate egg case unid.,0,0.4494782697809873,18.318511156750706,4.850772132768618,76.65933586723139
Eastern Bering Sea Crab/Groundfish Bottom Trawl Survey,98,2014,99901,401,356,19,17,0,0.157317,0.001827,2.164656,0.663008,72.915816,392.534424,1003312,142433704194.422,skate egg case unid.,Rajiformes egg case,REGION,EBS_SHELF,1,200,Standard,EBS Standard Region: All Strata,0,2022,0,0,0,0,0,0,0,0,2026-09-10T08:00:00Z,401 - skate egg case unid.,0,0.271717202211604,19.812481520496114,34.083352219827624,111.7482797801724
Eastern Bering Sea Crab/Groundfish Bottom Trawl Survey,98,2015,99901,401,356,3,1,0,0.007341,2.1e-5,0.065738,0.004322,3.402456,4.525056,30469,928387046.903522,skate egg case unid.,Rajiformes egg case,REGION,EBS_SHELF,1,200,Standard,EBS Standard Region: All Strata,0,2022,0,0,0,0,0,0,0,0,2026-09-10T08:00:00Z,401 - skate egg case unid.,0,0.6252007083681296,2.1272179013913926,-0.7668910867271297,7.5718030867271295
Eastern Bering Sea Crab/Groundfish Bottom Trawl Survey,98,2016,99901,401,356,6,5,0,0.03958,0.001145,0.671897,0.182904,18.345382,245.908415,311422,39293150457.803,skate egg case unid.,Rajiformes egg case,REGION,EBS_SHELF,1,200,Standard,EBS Standard Region: All Strata,0,2022,0,0,0,0,0,0,0,0,2026-09-10T08:00:00Z,401 - skate egg case unid.,0,0.8547909902558953,15.681467246402677,-12.390293802949248,49.081057802949246
Eastern Bering Sea Crab/Groundfish Bottom Trawl Survey,98,2017,99901,401,356,11,9,0,0.067544,9.89e-4,2.712885,1.175529,31.306336,212.566071,1257415,252538436257.5249,skate egg case unid.,Rajiformes egg case,REGION,EBS_SHELF,1,200,Standard,EBS Standard Region: All Strata,0,2022,0,0,0,0,0,0,0,0,2026-09-10T08:00:00Z,401 - skate egg case unid.,0,0.46570910685907385,14.579645777590072,2.7302302759234607,59.88244172407654
Eastern Bering Sea Crab/Groundfish Bottom Trawl Survey,98,2018,99901,401,356,8,2,0,0.045005,4.03e-4,0.926836,0.757613,20.859726,86.66852,429586,162757824237.216,skate egg case unid.,Rajiformes egg case,REGION,EBS_SHELF,1,200,Standard,EBS Standard Region: All Strata,0,2022,0,0,0,0,0,0,0,0,2026-09-10T08:00:00Z,401 - skate egg case unid.,0,0.4462950712750479,9.309592901947969,2.61292391218198,39.10652808781802
Eastern Bering Sea Crab/Groundfish Bottom Trawl Survey,98,2019,99901,401,356,0,0,0,0,0,0,0,0,0,0,0,skate egg case unid.,Rajiformes egg case,REGION,EBS_SHELF,1,200,Standard,EBS Standard Region: All Strata,0,2022,0,0,0,0,0,0,0,0,2026-09-10T08:00:00Z,401 - skate egg case unid.,0,0,0,0,0
Eastern Bering Sea Crab/Groundfish Bottom Trawl Survey,98,2021,99901,401,356,4,4,0,0.038119,4.78e-4,1.009362,0.430295,17.66815,102.610001,467836,92440211251.046,skate egg case unid.,Rajiformes egg case,REGION,EBS_SHELF,1,200,Standard,EBS Standard Region: All Strata,0,2022,0,0,0,0,0,0,0,0,2026-09-10T08:00:00Z,401 - skate egg case unid.,0,0.5733288132078338,10.12965947107799,-2.1859825633128587,37.52228256331286
Eastern Bering Sea Crab/Groundfish Bottom Trawl Survey,98,2022,99901,401,356,4,2,0,0.016724,1.19e-4,0.237915,0.03491,7.75141,25.56972,110273,7499657895.10714,skate egg case unid.,Rajiformes egg case,REGION,EBS_SHELF,1,200,Standard,EBS Standard Region: All Strata,0,2022,0,0,0,0,0,0,0,0,2026-09-10T08:00:00Z,401 - skate egg case unid.,0,0.6523524191954471,5.05665106567578,-2.1596260887245293,17.66244608872453
Eastern Bering Sea Crab/Groundfish Bottom Trawl Survey,98,2023,99901,401,356,4,3,0,0.066317,0.001893,0.818446,0.500388,30.737621,406.583847,379348,107498216783.317,skate egg case unid.,Rajiformes egg case,REGION,EBS_SHELF,1,200,Standard,EBS Standard Region: All Strata,0,2022,0,0,0,0,0,0,0,0,2026-09-10T08:00:00Z,401 - skate egg case unid.,0,0.6560014646162621,20.163924394819574,-8.783670813846367,70.258912813846365
Eastern Bering Sea Crab/Groundfish Bottom Trawl Survey,98,2025,99901,401,330,0,0,0,0,0,0,0,0,0,0,0,skate egg case unid.,Rajiformes egg case,REGION,EBS_SHELF,1,200,Standard,EBS Standard Region: All Strata,0,2022,0,0,0,0,0,0,0,0,2026-09-10T08:00:00Z,401 - skate egg case unid.,0,0,0,0,0
Eastern Bering Sea Crab/Groundfish Bottom Trawl Survey,98,2024,99901,401,330,0,0,0,0,0,0,0,0,0,0,0,skate egg case unid.,Rajiformes egg case,REGION,EBS_SHELF,1,200,Standard,EBS Standard Region: All Strata,0,2022,0,0,0,0,0,0,0,0,2026-09-10T08:00:00Z,401 - skate egg case unid.,0,0,0,0,0
Eastern Bering Sea Crab/Groundfish Bottom Trawl Survey,98,2026,99901,401,330,0,0,0,0,0,0,0,0,0,0,0,skate egg case unid.,Rajiformes egg case,REGION,EBS_SHELF,1,200,Standard,EBS Standard Region: All Strata,0,2022,0,0,0,0,0,0,0,0,2026-09-10T08:00:00Z,401 - skate egg case unid.,0,0,0,0,0
Eastern Bering Sea Crab/Groundfish Bottom Trawl Survey,98,1982,99901,402,329,0,0,0,0,0,0,0,0,0,0,0,Bathyraja sp. egg case,Bathyraja sp. egg case,REGION,EBS_SHELF,1,200,Standard,EBS Standard Region: All Strata,0,2022,0,0,0,0,0,0,0,0,2026-09-10T08:00:00Z,402 - Bathyraja sp. egg case,0,0,0,0,0
Eastern Bering Sea Crab/Groundfish Bottom Trawl Survey,98,1983,99901,402,353,0,0,0,0,0,0,0,0,0,0,0,Bathyraja sp. egg case,Bathyraja sp. egg case,REGION,EBS_SHELF,1,200,Standard,EBS Standard Region: All Strata,0,2022,0,0,0,0,0,0,0,0,2026-09-10T08:00:00Z,402 - Bathyraja sp. egg case,0,0,0,0,0
Eastern Bering Sea Crab/Groundfish Bottom Trawl Survey,98,1984,99901,402,355,0,0,0,0,0,0,0,0,0,0,0,Bathyraja sp. egg case,Bathyraja sp. egg case,REGION,EBS_SHELF,1,200,Standard,EBS Standard Region: All Strata,0,2022,0,0,0,0,0,0,0,0,2026-09-10T08:00:00Z,402 - Bathyraja sp. egg case,0,0,0,0,0
Eastern Bering Sea Crab/Groundfish Bottom Trawl Survey,98,1985,99901,402,353,0,0,0,0,0,0,0,0,0,0,0,Bathyraja sp. egg case,Bathyraja sp. egg case,REGION,EBS_SHELF,1,200,Standard,EBS Standard Region: All Strata,0,2022,0,0,0,0,0,0,0,0,2026-09-10T08:00:00Z,402 - Bathyraja sp. egg case,0,0,0,0,0
Eastern Bering Sea Crab/Groundfish Bottom Trawl Survey,98,1986,99901,402,354,0,0,0,0,0,0,0,0,0,0,0,Bathyraja sp. egg case,Bathyraja sp. egg case,REGION,EBS_SHELF,1,200,Standard,EBS Standard Region: All Strata,0,2022,0,0,0,0,0,0,0,0,2026-09-10T08:00:00Z,402 - Bathyraja sp. egg case,0,0,0,0,0
Eastern Bering Sea Crab/Groundfish Bottom Trawl Survey,98,1987,99901,402,343,0,0,0,0,0,0,0,0,0,0,0,Bathyraja sp. egg case,Bathyraja sp. egg case,REGION,EBS_SHELF,1,200,Standard,EBS Standard Region: All Strata,0,2022,0,0,0,0,0,0,0,0,2026-09-10T08:00:00Z,402 - Bathyraja sp. egg case,0,0,0,0,0
Eastern Bering Sea Crab/Groundfish Bottom Trawl Survey,98,1988,99901,402,353,0,0,0,0,0,0,0,0,0,0,0,Bathyraja sp. egg case,Bathyraja sp. egg case,REGION,EBS_SHELF,1,200,Standard,EBS Standard Region: All Strata,0,2022,0,0,0,0,0,0,0,0,2026-09-10T08:00:00Z,402 - Bathyraja sp. egg case,0,0,0,0,0
Eastern Bering Sea Crab/Groundfish Bottom Trawl Survey,98,1989,99901,402,354,0,0,0,0,0,0,0,0,0,0,0,Bathyraja sp. egg case,Bathyraja sp. egg case,REGION,EBS_SHELF,1,200,Standard,EBS Standard Region: All Strata,0,2022,0,0,0,0,0,0,0,0,2026-09-10T08:00:00Z,402 - Bathyraja sp. egg case,0,0,0,0,0
Eastern Bering Sea Crab/Groundfish Bottom Trawl Survey,98,1990,99901,402,351,0,0,0,0,0,0,0,0,0,0,0,Bathyraja sp. egg case,Bathyraja sp. egg case,REGION,EBS_SHELF,1,200,Standard,EBS Standard Region: All Strata,0,2022,0,0,0,0,0,0,0,0,2026-09-10T08:00:00Z,402 - Bathyraja sp. egg case,0,0,0,0,0
Eastern Bering Sea Crab/Groundfish Bottom Trawl Survey,98,1991,99901,402,352,0,0,0,0,0,0,0,0,0,0,0,Bathyraja sp. egg case,Bathyraja sp. egg case,REGION,EBS_SHELF,1,200,Standard,EBS Standard Region: All Strata,0,2022,0,0,0,0,0,0,0,0,2026-09-10T08:00:00Z,402 - Bathyraja sp. egg case,0,0,0,0,0
Eastern Bering Sea Crab/Groundfish Bottom Trawl Survey,98,1992,99901,402,336,0,0,0,0,0,0,0,0,0,0,0,Bathyraja sp. egg case,Bathyraja sp. egg case,REGION,EBS_SHELF,1,200,Standard,EBS Standard Region: All Strata,0,2022,0,0,0,0,0,0,0,0,2026-09-10T08:00:00Z,402 - Bathyraja sp. egg case,0,0,0,0,0
Eastern Bering Sea Crab/Groundfish Bottom Trawl Survey,98,1993,99901,402,355,0,0,0,0,0,0,0,0,0,0,0,Bathyraja sp. egg case,Bathyraja sp. egg case,REGION,EBS_SHELF,1,200,Standard,EBS Standard Region: All Strata,0,2022,0,0,0,0,0,0,0,0,2026-09-10T08:00:00Z,402 - Bathyraja sp. egg case,0,0,0,0,0
Eastern Bering Sea Crab/Groundfish Bottom Trawl Survey,98,1994,99901,402,355,0,0,0,0,0,0,0,0,0,0,0,Bathyraja sp. egg case,Bathyraja sp. egg case,REGION,EBS_SHELF,1,200,Standard,EBS Standard Region: All Strata,0,2022,0,0,0,0,0,0,0,0,2026-09-10T08:00:00Z,402 - Bathyraja sp. egg case,0,0,0,0,0
Eastern Bering Sea Crab/Groundfish Bottom Trawl Survey,98,1995,99901,402,356,0,0,0,0,0,0,0,0,0,0,0,Bathyraja sp. egg case,Bathyraja sp. egg case,REGION,EBS_SHELF,1,200,Standard,EBS Standard Region: All Strata,0,2022,0,0,0,0,0,0,0,0,2026-09-10T08:00:00Z,402 - Bathyraja sp. egg case,0,0,0,0,0
Eastern Bering Sea Crab/Groundfish Bottom Trawl Survey,98,1996,99901,402,355,0,0,0,0,0,0,0,0,0,0,0,Bathyraja sp. egg case,Bathyraja sp. egg case,REGION,EBS_SHELF,1,200,Standard,EBS Standard Region: All Strata,0,2022,0,0,0,0,0,0,0,0,2026-09-10T08:00:00Z,402 - Bathyraja sp. egg case,0,0,0,0,0
Eastern Bering Sea Crab/Groundfish Bottom Trawl Survey,98,1997,99901,402,356,0,0,0,0,0,0,0,0,0,0,0,Bathyraja sp. egg case,Bathyraja sp. egg case,REGION,EBS_SHELF,1,200,Standard,EBS Standard Region: All Strata,0,2022,0,0,0,0,0,0,0,0,2026-09-10T08:00:00Z,402 - Bathyraja sp. egg case,0,0,0,0,0
Eastern Bering Sea Crab/Groundfish Bottom Trawl Survey,98,1998,99901,402,355,0,0,0,0,0,0,0,0,0,0,0,Bathyraja sp. egg case,Bathyraja sp. egg case,REGION,EBS_SHELF,1,200,Standard,EBS Standard Region: All Strata,0,2022,0,0,0,0,0,0,0,0,2026-09-10T08:00:00Z,402 - Bathyraja sp. egg case,0,0,0,0,0
Eastern Bering Sea Crab/Groundfish Bottom Trawl Survey,98,1999,99901,402,353,0,0,0,0,0,0,0,0,0,0,0,Bathyraja sp. egg case,Bathyraja sp. egg case,REGION,EBS_SHELF,1,200,Standard,EBS Standard Region: All Strata,0,2022,0,0,0,0,0,0,0,0,2026-09-10T08:00:00Z,402 - Bathyraja sp. egg case,0,0,0,0,0
Eastern Bering Sea Crab/Groundfish Bottom Trawl Survey,98,2000,99901,402,352,0,0,0,0,0,0,0,0,0,0,0,Bathyraja sp. egg case,Bathyraja sp. egg case,REGION,EBS_SHELF,1,200,Standard,EBS Standard Region: All Strata,0,2022,0,0,0,0,0,0,0,0,2026-09-10T08:00:00Z,402 - Bathyraja sp. egg case,0,0,0,0,0
Eastern Bering Sea Crab/Groundfish Bottom Trawl Survey,98,2001,99901,402,355,0,0,0,0,0,0,0,0,0,0,0,Bathyraja sp. egg case,Bathyraja sp. egg case,REGION,EBS_SHELF,1,200,Standard,EBS Standard Region: All Strata,0,2022,0,0,0,0,0,0,0,0,2026-09-10T08:00:00Z,402 - Bathyraja sp. egg case,0,0,0,0,0
Eastern Bering Sea Crab/Groundfish Bottom Trawl Survey,98,2002,99901,402,355,0,0,0,0,0,0,0,0,0,0,0,Bathyraja sp. egg case,Bathyraja sp. egg case,REGION,EBS_SHELF,1,200,Standard,EBS Standard Region: All Strata,0,2022,0,0,0,0,0,0,0,0,2026-09-10T08:00:00Z,402 - Bathyraja sp. egg case,0,0,0,0,0
Eastern Bering Sea Crab/Groundfish Bottom Trawl Survey,98,2003,99901,402,356,0,0,0,0,0,0,0,0,0,0,0,Bathyraja sp. egg case,Bathyraja sp. egg case,REGION,EBS_SHELF,1,200,Standard,EBS Standard Region: All Strata,0,2022,0,0,0,0,0,0,0,0,2026-09-10T08:00:00Z,402 - Bathyraja sp. egg case,0,0,0,0,0
Eastern Bering Sea Crab/Groundfish Bottom Trawl Survey,98,2004,99901,402,355,0,0,0,0,0,0,0,0,0,0,0,Bathyraja sp. egg case,Bathyraja sp. egg case,REGION,EBS_SHELF,1,200,Standard,EBS Standard Region: All Strata,0,2022,0,0,0,0,0,0,0,0,2026-09-10T08:00:00Z,402 - Bathyraja sp. egg case,0,0,0,0,0
Eastern Bering Sea Crab/Groundfish Bottom Trawl Survey,98,2005,99901,402,353,5,5,0,0.03893,5.02e-4,1.56299,1.572251,18.043735,107.882889,724442,337766098769.7399,Bathyraja sp. egg case,Bathyraja sp. egg case,REGION,EBS_SHELF,1,200,Standard,EBS Standard Region: All Strata,0,2022,0,0,0,0,0,0,0,0,2026-09-10T08:00:00Z,402 - Bathyraja sp. egg case,0,0.5756385145043563,10.386668811510262,-2.3141358705601114,38.40160587056012
Eastern Bering Sea Crab/Groundfish Bottom Trawl Survey,98,2006,99901,402,356,0,0,0,0,0,0,0,0,0,0,0,Bathyraja sp. egg case,Bathyraja sp. egg case,REGION,EBS_SHELF,1,200,Standard,EBS Standard Region: All Strata,0,2022,0,0,0,0,0,0,0,0,2026-09-10T08:00:00Z,402 - Bathyraja sp. egg case,0,0,0,0,0
Eastern Bering Sea Crab/Groundfish Bottom Trawl Survey,98,2007,99901,402,356,1,1,0,0.031184,9.72e-4,0.207663,0.043124,14.453733,208.91039,96251,9264307413.34478,Bathyraja sp. egg case,Bathyraja sp. egg case,REGION,EBS_SHELF,1,200,Standard,EBS Standard Region: All Strata,0,2022,0,0,0,0,0,0,0,0,2026-09-10T08:00:00Z,402 - Bathyraja sp. egg case,0,0.9999999817259239,14.453732735871382,-13.875583162307908,42.783049162307904
Eastern Bering Sea Crab/Groundfish Bottom Trawl Survey,98,2008,99901,402,355,0,0,0,0,0,0,0,0,0,0,0,Bathyraja sp. egg case,Bathyraja sp. egg case,REGION,EBS_SHELF,1,200,Standard,EBS Standard Region: All Strata,0,2022,0,0,0,0,0,0,0,0,2026-09-10T08:00:00Z,402 - Bathyraja sp. egg case,0,0,0,0,0
Eastern Bering Sea Crab/Groundfish Bottom Trawl Survey,98,2009,99901,402,356,0,0,0,0,0,0,0,0,0,0,0,Bathyraja sp. egg case,Bathyraja sp. egg case,REGION,EBS_SHELF,1,200,Standard,EBS Standard Region: All Strata,0,2022,0,0,0,0,0,0,0,0,2026-09-10T08:00:00Z,402 - Bathyraja sp. egg case,0,0,0,0,0
Eastern Bering Sea Crab/Groundfish Bottom Trawl Survey,98,2010,99901,402,356,0,0,0,0,0,0,0,0,0,0,0,Bathyraja sp. egg case,Bathyraja sp. egg case,REGION,EBS_SHELF,1,200,Standard,EBS Standard Region: All Strata,0,2022,0,0,0,0,0,0,0,0,2026-09-10T08:00:00Z,402 - Bathyraja sp. egg case,0,0,0,0,0
Eastern Bering Sea Crab/Groundfish Bottom Trawl Survey,98,2011,99901,402,356,0,0,0,0,0,0,0,0,0,0,0,Bathyraja sp. egg case,Bathyraja sp. egg case,REGION,EBS_SHELF,1,200,Standard,EBS Standard Region: All Strata,0,2022,0,0,0,0,0,0,0,0,2026-09-10T08:00:00Z,402 - Bathyraja sp. egg case,0,0,0,0,0
Eastern Bering Sea Crab/Groundfish Bottom Trawl Survey,98,2012,99901,402,356,0,0,0,0,0,0,0,0,0,0,0,Bathyraja sp. egg case,Bathyraja sp. egg case,REGION,EBS_SHELF,1,200,Standard,EBS Standard Region: All Strata,0,2022,0,0,0,0,0,0,0,0,2026-09-10T08:00:00Z,402 - Bathyraja sp. egg case,0,0,0,0,0
Eastern Bering Sea Crab/Groundfish Bottom Trawl Survey,98,2013,99901,402,356,0,0,0,0,0,0,0,0,0,0,0,Bathyraja sp. egg case,Bathyraja sp. egg case,REGION,EBS_SHELF,1,200,Standard,EBS Standard Region: All Strata,0,2022,0,0,0,0,0,0,0,0,2026-09-10T08:00:00Z,402 - Bathyraja sp. egg case,0,0,0,0,0
Eastern Bering Sea Crab/Groundfish Bottom Trawl Survey,98,2014,99901,402,356,0,0,0,0,0,0,0,0,0,0,0,Bathyraja sp. egg case,Bathyraja sp. egg case,REGION,EBS_SHELF,1,200,Standard,EBS Standard Region: All Strata,0,2022,0,0,0,0,0,0,0,0,2026-09-10T08:00:00Z,402 - Bathyraja sp. egg case,0,0,0,0,0
Eastern Bering Sea Crab/Groundfish Bottom Trawl Survey,98,2015,99901,402,356,0,0,0,0,0,0,0,0,0,0,0,Bathyraja sp. egg case,Bathyraja sp. egg case,REGION,EBS_SHELF,1,200,Standard,EBS Standard Region: All Strata,0,2022,0,0,0,0,0,0,0,0,2026-09-10T08:00:00Z,402 - Bathyraja sp. egg case,0,0,0,0,0
Eastern Bering Sea Crab/Groundfish Bottom Trawl Survey,98,2016,99901,402,356,0,0,0,0,0,0,0,0,0,0,0,Bathyraja sp. egg case,Bathyraja sp. egg case,REGION,EBS_SHELF,1,200,Standard,EBS Standard Region: All Strata,0,2022,0,0,0,0,0,0,0,0,2026-09-10T08:00:00Z,402 - Bathyraja sp. egg case,0,0,0,0,0
Eastern Bering Sea Crab/Groundfish Bottom Trawl Survey,98,2017,99901,402,356,0,0,0,0,0,0,0,0,0,0,0,Bathyraja sp. egg case,Bathyraja sp. egg case,REGION,EBS_SHELF,1,200,Standard,EBS Standard Region: All Strata,0,2022,0,0,0,0,0,0,0,0,2026-09-10T08:00:00Z,402 - Bathyraja sp. egg case,0,0,0,0,0
Eastern Bering Sea Crab/Groundfish Bottom Trawl Survey,98,2018,99901,402,356,3,3,0,0.06257,0.003399,0.468556,0.07536,29.000866,730.236996,217174,16189625265.4625,Bathyraja sp. egg case,Bathyraja sp. egg case,REGION,EBS_SHELF,1,200,Standard,EBS Standard Region: All Strata,0,2022,0,0,0,0,0,0,0,0,2026-09-10T08:00:00Z,402 - Bathyraja sp. egg case,0,0.931796230638495,27.02289762405209,-23.964013343142096,81.96574534314209
Eastern Bering Sea Crab/Groundfish Bottom Trawl Survey,98,2019,99901,402,356,0,0,0,0,0,0,0,0,0,0,0,Bathyraja sp. egg case,Bathyraja sp. egg case,REGION,EBS_SHELF,1,200,Standard,EBS Standard Region: All Strata,0,2022,0,0,0,0,0,0,0,0,2026-09-10T08:00:00Z,402 - Bathyraja sp. egg case,0,0,0,0,0
Eastern Bering Sea Crab/Groundfish Bottom Trawl Survey,98,2021,99901,402,356,0,0,0,0,0,0,0,0,0,0,0,Bathyraja sp. egg case,Bathyraja sp. egg case,REGION,EBS_SHELF,1,200,Standard,EBS Standard Region: All Strata,0,2022,0,0,0,0,0,0,0,0,2026-09-10T08:00:00Z,402 - Bathyraja sp. egg case,0,0,0,0,0
Eastern Bering Sea Crab/Groundfish Bottom Trawl Survey,98,2022,99901,402,356,0,0,0,0,0,0,0,0,0,0,0,Bathyraja sp. egg case,Bathyraja sp. egg case,REGION,EBS_SHELF,1,200,Standard,EBS Standard Region: All Strata,0,2022,0,0,0,0,0,0,0,0,2026-09-10T08:00:00Z,402 - Bathyraja sp. egg case,0,0,0,0,0
Eastern Bering Sea Crab/Groundfish Bottom Trawl Survey,98,2023,99901,402,356,0,0,0,0,0,0,0,0,0,0,0,Bathyraja sp. egg case,Bathyraja sp. egg case,REGION,EBS_SHELF,1,200,Standard,EBS Standard Region: All Strata,0,2022,0,0,0,0,0,0,0,0,2026-09-10T08:00:00Z,402 - Bathyraja sp. egg case,0,0,0,0,0
Eastern Bering Sea Crab/Groundfish Bottom Trawl Survey,98,2025,99901,402,330,0,0,0,0,0,0,0,0,0,0,0,Bathyraja sp. egg case,Bathyraja sp. egg case,REGION,EBS_SHELF,1,200,Standard,EBS Standard Region: All Strata,0,2022,0,0,0,0,0,0,0,0,2026-09-10T08:00:00Z,402 - Bathyraja sp. egg case,0,0,0,0,0
Eastern Bering Sea Crab/Groundfish Bottom Trawl Survey,98,2024,99901,402,330,0,0,0,0,0,0,0,0,0,0,0,Bathyraja sp. egg case,Bathyraja sp. egg case,REGION,EBS_SHELF,1,200,Standard,EBS Standard Region: All Strata,0,2022,0,0,0,0,0,0,0,0,2026-09-10T08:00:00Z,402 - Bathyraja sp. egg case,0,0,0,0,0
Eastern Bering Sea Crab/Groundfish Bottom Trawl Survey,98,2026,99901,402,330,0,0,0,0,0,0,0,0,0,0,0,Bathyraja sp. egg case,Bathyraja sp. egg case,REGION,EBS_SHELF,1,200,Standard,EBS Standard Region: All Strata,0,2022,0,0,0,0,0,0,0,0,2026-09-10T08:00:00Z,402 - Bathyraja sp. egg case,0,0,0,0,0
